STT,address,point,tier
5,0xb62da1fae55cb7891de83c5cb1656fa6674f3a295c78bb444925a7029432e5e1,3095000,Business
6,0xd25406dadfe2200f2337c34b053a27cc8af75029d33a53c508c9315511f5274f,4062500,Business
7,0x094712e831584a02a922e02cc6c1e2d17003072b462fef95d72c98568edaec37,4062500,Business
8,0x15154bacc7a2783be10abb2c2837743d9b994da9e23950de82b55c5ab64bd1b8,4062500,Business
9,0x602613e05451811e2969a289bc4b221a9c20c242f1f626df212d54d949ee0ffa,3095000,Business
10,0xd032ad654103351f4c03e792ed77325fa485c1178ed78262336e3a00ab657741,4062500,Business
11,0x4c44b32b31f372e721f355c4a1bc77f037ade5c3e4477a305f0428829651a7b1,2522500,Business
12,0xc4e19bc201defc18341519fd620c44dbcb8a87e38857011a194daa852125db9a,2550000,Business
13,0xd2e2f82195cd3535c6958b96bafe1ebf4c7ceed41145c758d601fe71aeee9629,2662500,Business
14,0x85efe68a76b8249c8f8d3bcbdba178ab7720b1923f78f03c50ecd052d8b6c229,2662500,Business
15,0x722e9cacf577933b0a05dc937427d2aa9951ba413b96b701196a2b1ee46fb91f,3095000,Business
16,0xe23856060191e072198dddf28eeef43d7fb046dc6bc62c4ce8690ddfa74b9702,2442500,Premium
17,0x6d9f735594b5e93568e11a2edee93bc84486eddc8a1c646706dc3ea712654ac1,2662500,Business
18,0x5e00c537bf46aedacdd00c9acf2012b85842825dc87bad56c1771bcc11f46de2,2822500,Business
19,0xef86689dd406e76e908f2ffe7c6cdb053fb21ad00ecd699554307ba2a9ea668d,2555000,Business
20,0x7e0ca61654b6df1e2f6d75b026400eb0d1f8aa9e037d3b114cfb8cf3769de357,2555000,Business
21,0x862e669ddf122c88e9d4f1a24d1602cea2bed4930b1e02131c359b8b10e5d9ab,2585000,Business
22,0x7ab781b203322146990577f780c6e50d5df25d8f03351439cbdcc484dea54a36,4062500,Business
23,0xe92eb0b5f98ec61bc88dd3f52ff2addb461bd73ba52e9b63bb570688a69c59b8,2287500,Premium
24,0x6abff49c62013de142c0052f7bc614944a036267055608533cf47faf2d1b96cf,2657500,Business
25,0x6a047c19686f260d45da2ab96ba8d380436f7bb5c2ea568da8661e5528b3cb47,4062500,Business
26,0xbd67c5a8e15b3d0da8d543cde90d379d88bfedafb27cae54ffd49485f2c4082d,3095000,Business
27,0x835448288638888db1a1c2762322d4060b4e70e7bd691f28a351f5a459a271c3,2465000,Premium
28,0x33debaa690cf12a73b693065046e898ab3d652a018744feca7844489ccd1f074,2477500,Premium
29,0xb482c7fbc7f0b84d818daaeec2675733ff0ecb69a335ffd83f61dc91b0a47bdc,4032500,Business
30,0x03f47d722e54e4b200d00bc566cd881b430868ffe7b07875ae2439f7e8e5d747,4047500,Business
31,0x755a075b31c59f27494bc87641b3a291275d5e6be8fe4fe4b7fcadb9c7eb0497,1640000,Plus
32,0x00f3c5cbaa9af2c0a80bed098298bd3e44f745db695cc1eb6ab20261ca62b715,2602500,Business
33,0x19465b2b6d4c701fa4d2211b9b4a3ae77add9dd90b73c0c07c1eefe02888e788,3080000,Business
34,0xfd4285587da2159568e83b4860496586d340568bde88b3bd26c030ca6cfc49f7,4047500,Business
35,0x258f491af8d46ebf48326412657e2c9dc5e5852c3d4a81d4cc46a78a31da5169,2647500,Business
36,0x986b2a53115bdf3c6ed520eebb644a126e117fd874cda37d8807c68baeaa49a8,4002500,Business
37,0xa5cd117810d7891d10f76daa002b5788acf4159ecb7315365cfc8c1bb0e7dd06,4047500,Business
38,0x4d4f88087572436b69947afe48ed4c258791283c223a5d557bc5d4f6119af715,2535000,Business
39,0x99bcea3e1e528b4b06cafdd6d70ff02ef5ce3af54d77aa5755b2974fedf94724,4047500,Business
40,0x215f8fdd980cbfdf69e3870dfddfd152eba4f1ab04d0a851a2d826b58a6a8136,2540000,Business
41,0xa6fe28a7cda62bd79c7aea195aeda1e022d17f8afad6d4f570466c87512f409e,2585000,Business
42,0x4cbb1b86b29197485143c262f117b717d051f534dbb1575c5dce324dd0a368e9,2332500,Premium
43,0xa50d22ee654c4b7741de17955cbb646e713198ee64b0acc98bd8888ed124fc7f,2232500,Premium
44,0x1abf77362cfcb1662140530f92cef2c3402b0c59d31cb31e0f5df0db1707ecc4,3080000,Business
45,0x677b7c1d16014766ae60d95f2cc29e018523f8b8f61b5d9bd7d1b1af7180b535,2432500,Premium
46,0x91054a7b15c7de47be2cd74a8eac1351aa1661e78d9d6b55d7de5715a7f99413,2447500,Premium
47,0x2508f54fd70d1265c959d1c44b62362dedcfa6306a70d30b51291666f98a70c3,2535000,Business
48,0x9d38718a0c1c4ffc2278fcc54f62bb4d463f885955d1429b32e1e20fe997d907,3075000,Business
49,0xc49c281c54d7df1e7e892ef8bda8017d01f7a4024134b43e9ea7b2ef41a0a744,3080000,Business
50,0xe9daa7c2f8e14ce011976ce137608a1d64714e272a173fed9afc0c73b40fcdec,4047500,Business
51,0x87eb394f2881dfb0429915a92dca46c38c1ab27c710ed7bf498e80975933ec25,3080000,Business
52,0xa1f2065a8997a22d0c1786a5602a76197095cfa2bcb140c840179d523fb8bcfe,3080000,Business
53,0xf6c90571194ef55a6c1e73d77d375544377ac96c55db3eb1cc849041489b8276,2360000,Premium
54,0x49a1d58d9ec0e0cd3b4bbd06f8e6ed0c5fbb12658eba50281364808b6251c6e4,3080000,Business
55,0xe73db991a753a42682b923346ed5b76a16221f87dfe4aa325a07cbfec200463a,2842500,Business
56,0xee1edb4ad9130ca649f1f1284043b7954e1c8999bb1a2333f15755a8daa4fd12,1997500,Premium
57,0xea9bcb9f5b574f66485cb7d59a0a0d6f5e1a26eeef25ff4a3bb1a87a81af3788,4047500,Business
58,0x36246f38c996890dd6fb3cafb27836486965e26127a4c59b0fcd9f9cca2ead0f,3080000,Business
59,0x76c5372428c67214c775ddf34a0d02801d3d5d7883766ec2cb86baf1e228628c,3080000,Business
60,0x96cc567133936d221a0568c5bc84fcddbd71fce591ccd38bb7d6ab6045aa6b04,3075000,Business
61,0xadeeb4c10e4ecb90561e1908abe2c2cee44ab8af9f133265e88b571976cd6398,3080000,Business
62,0x5c0f4d3bfa6330869fde2216a30974983680b8e6dfb78b297765133746d6639c,2847500,Business
63,0xcd0dc1bc7016ac6d5e7a75bfad10ebe8b88bf9bbc88c00be6a5266713f4118cc,3080000,Business
64,0x8754a7e10a961981a5825ced9587fb6df0416b4d6f50a6dd965aa60b7f494da8,3080000,Business
65,0x138d00a948024d9bde63297705276ac6ecec3416757b3b75a47f8441b39b704a,3080000,Business
66,0x9a522179e9a6ece9e13009e08bc9cf0100f4e4397f28390cb063585b19bf7f59,3080000,Business
67,0x509e1c71ca531887668358520035b8ba93e54a2ab63950b77d761695a8677688,2575000,Business
68,0x55c46b888bcf96b4f23c8c8aaa22b6ec8f5adb5c55caad39837c9f9c28477e85,3080000,Business
69,0xec9c3e1e65998f97024a5846cb8fc00116fed3c543715f3182d75c1ce8b4b383,4047500,Business
70,0xa474a1fec65ee505ceeaf56f6e683a8914c53f804eaa92568e1ca80724ea0551,2922500,Business
71,0x782116f22a9c835f003bef45f263c51d71ea6e705c8acb90fdc6bce9b9b1ddfb,2935000,Business
72,0xeedb9df918ce1255c588c45a7d4c579b13d67a786c0da6dfaeffa58d1e66e67e,2935000,Business
73,0x8506462466f0f6d9a8b7e6ccbebea573202d4c644ef1febdbd8c11b5df86df34,2707500,Business
74,0xca38ba53a10f4884ded50599ee232808ae76293357dc2e126e0ca80f4a4cc419,2935000,Business
75,0xdc8ca0d91d19fa8e664bb03b30e882ef549df92de79e53e0788c337055a93d24,2935000,Business
76,0x10ec362fc8f0e641f307b538f8a5623a2ee93c3b84b3b17a4da3f1b730de0a18,2935000,Business
77,0x1168255acd67565217771480ceb2cfb6a6db5593ec8457fab43f7f9e01d90f57,2935000,Business
78,0xa8a8399f38a37f24d31fb5a9c2d28cb4bd59657f139965c0c6057f50a4abe913,2917500,Business
79,0x9bcb47a52a62d956fd8d84c85d74ec8c536510a19b5d2a2f04db5d448d9b9de3,2917500,Business
80,0xbc916b8bc116eea48865f7b1f424fd6c602e5b3e9c2685dd2d3e145700b3433c,1990000,Premium
81,0xf589364ad4e4e551f9a08468ac4c122b3d7a4d369d0ed49318eafe60ff452ae2,2917500,Business
82,0x53691347d55b196e06a96ee9edb6f5607b25d7921febce8497913c00e2ff1e48,2920000,Business
83,0x11dc69cb7e861f3609ebd954b82eecdc3f479e38c661a33922d440fb0b232636,2917500,Business
84,0xb3bb23ee9565de54f7fdd2311b51d77121bb3f9d6d371bfffa369e75579010a5,2917500,Business
85,0xdcecaf6f2a0ea40e78d4c2ad206a85bc2aca151af9d17d63433a7c959b622d7d,2935000,Business
86,0x3a244ab74ed56a2af25f3feeb1bcb4fd417793944c87839821a4f809d51db6a5,2135000,Premium
87,0x08454991fb694c44d735092d0d4b1d7dedec8a63e9c0728b6be6b079bc390f4b,2902500,Business
88,0x418189232d8c1ebff5397e1df86c65784ebab3137c44a2e8061955f4026583d0,2920000,Business
89,0x9a47e22220120ef0f45a935ad8acc5e0c4a023d5c72c0f6a22a0524d65ccb946,2707500,Business
90,0xee0a2e0597b201dbd5f9fd46622ab25e36872aeff2dc85339292f71b6a54874c,2935000,Business
91,0xa0143ec4f5cfbb6b154c85ed3a25c08639fd7585bf733282e7f4b6d923a312f5,2917500,Business
92,0x30b5354c1e84458579f44056c44dd970f093e621823dea444f0feb77a3ee4620,2917500,Business
93,0x523acd87d29bf86eaa96fbdaf0d9fd415a7d098306b0e02bae873d7a289437a4,2917500,Business
94,0x25e2c5e8fd5d7fa47b498898ed3bc1557c889f146681d7051c7ab1f2f99f2714,2917500,Business
95,0x7936d5c28d39f998c64ac5828af3c74f985be4842b4beae45baf585ac73ac3be,2935000,Business
96,0xca3b562598f4d44bf5023cd01139ef6e63f19b3deaa5a2ee9e63d9a2cde1db96,2502500,Business
97,0xa16416f5c912249611f0d635f79103a11969124cefd32e7c86ade0c9a2e4f0ba,2935000,Business
98,0xf8425dc45641f39d7ab3e7a832993a29430ecd68ae629a4b6183b551006cdff2,2935000,Business
99,0x1420ae1ca4f045b751f517554b2bb2cccd6dd7f55e5a7ec36668191e5b46f6cb,3062500,Business
100,0x0f8dd3114505c4830c8e6d08fd37f7a41e7b90905aad9b5875598061a7e76413,3077500,Business
101,0x8b01d399a8a445e317588e2351be26726dab764e1405f92c956071230d09d319,3047500,Business
102,0xb203ce222c3f0588c49cf8fc116e599163d2e084d43a7c13a0c9bcde7f6c0cee,1657500,Plus
103,0xcea8e9a5db69e8ff6b0e65c2494232b222f1f886399e8cb343aeb7f1f4c2fd3c,2040000,Premium
104,0x73173f108d29fde81680a0334b219426b83a377504ccf1cf38501ae873ed3d36,1437500,Plus
105,0x7bf445e32c67edfe72bcc1e843d3753263c80bb5656d03948dbcfccd67f5aec3,1642500,Plus
106,0x9539be00d6f15ee44fa0bdaee62029e0de5b65a0e5182b55ec72df3d17525970,2045000,Premium
107,0x831c0a287255860142468456a566a53c60c399f7d74e0d35a6aa09fcb690b8ae,1657500,Plus
108,0x739e95cf640c035f7bba51be242489add916ac813343784532a1bf0949552ab0,1432500,Plus
109,0xb82eb2e532fd3d942bc5d77ac421bfc2cc79639d114f97541a9d78d03d680fa2,2055000,Premium
110,0xba8dea30128f41d0c976e42728869f687f80cbe4464d36c249723a163577e76f,1642500,Plus
111,0x54765bbf604b455c563efee0e16e7a4a55f1d47275a1393c486bc9191eab91a4,1642500,Plus
112,0x9b62639d9bfdef53886bdc4434ee345758fae04e56e65d38086f81054c20293d,2050000,Premium
113,0x90cadfde5d01ddaba7e2f43b0890ff7102bf16a60187525f00287f1e1e7b011e,2050000,Premium
114,0x6eb372b99f097f8a5168d896f7853f5f8aeb51ae889ee82d6b42450b8bdceee8,2050000,Premium
115,0xce7a1ba6c401aaf92606a729655f33921188ae119a3f639cf7dde57d892ccd14,2050000,Premium
116,0x06d498f4685935b3d6dea4d57355ce2a5fda2c57d47d4f0a77055feb0dc2faae,2055000,Premium
117,0x2eb79c98654b0c92604280b4751f4cd90f8b840c1f91b8f43d3907e5499e8967,2050000,Premium
118,0x82a83119b1f77ba299b9e2467179aa7368464c943d472a2a74ac677805e6b30c,2050000,Premium
119,0x29fba4551a269ba679d3e516eaae4d58c3327f473eab3a81363533fdf08b44a3,2050000,Premium
120,0xaa1da1506df0647efb94d35d956e401a05b34ae2b81da68ce324fabff6d4d609,2050000,Premium
121,0xf7a5c7c11e28b258213e06caa16abbca775adb5d8461233156cc27e7d5cfa5dc,2050000,Premium
122,0x5c768658ffcec868cdf10d931204f5039be057d3e6f0f4b90216635383b63429,2065000,Premium
123,0xce0c45ad634edea001a86cf028188a24ba4f091a220c98cab5a49dfcf393a871,2035000,Premium
124,0x9db16d734d6382da9731a5463e0b9267a5834886b9944c72a2532e6d5d6650fe,2050000,Premium
125,0x07d02c0aeb14e59ccb8ca0e3e6d2c65225b66c571d0539bf5d60d3cafde3f2da,2055000,Premium
126,0x39c78ec040a2cd348214897e3e33623d56ed0e688a7ec90e6fb20272a6f2b5db,1547500,Plus
127,0x5b3f16fa06ef611f1a47c209772dd96499a3330c484f0531ccbfcb28e9eb0318,2050000,Premium
128,0x51c2eb991c2911a02f86fec382732ede96a2e03b25e071a8ae14dd1bcb27c742,2055000,Premium
129,0xe2bfbb9f74abd720aa39ee60416881ec3cfcc7ad5455b6eaa17e870f3dd96e0a,1447500,Plus
130,0xdb7d7fd08e6d290095a925caf67801704d6dd06a9529a49e0c0dfce4bc10ebd9,2050000,Premium
131,0xc16336c02a648512637c291c3a586eeac33f0b5eedc445d65afc007c6d5dadf8,2050000,Premium
132,0x6fca56947a71aa28fa6f9dd0d2ba5bf91f4602f68e54eb59616298e4c870b03e,2050000,Premium
133,0x020531d9207b3131b895bf7ed63bb1a092391f2d09b15d1e570195aeafc3c6e9,2050000,Premium
134,0x4694d3693476748c10221a966a558884efb72f0c1baf6e7843d3b36abe219000,2045000,Premium
135,0xc402021a9915ceee48e029cd65954deed0f9b6cedc735091f4625042c0318f72,2035000,Premium
136,0x249414054a59f08a095607dde83a0b1721d30548eff6b61593d2b55f545c0cb8,2055000,Premium
137,0xc5729e88f0499881451c45c138e6882589e078c74b9fad56dcafa576ac72757a,2045000,Premium
138,0x5f0283224722ad2fa0eab98724d1bc83ce623f5cbfa6dfe87f7238b086e3ad79,2050000,Premium
139,0x064d42d1f2da3999b559f2021db0aebe908d416ada32e7b81b42ba6b64f1dd03,2065000,Premium
140,0x829845c174b5eb20bdead434912f1dfd64dd00070231b5a4b9f3e04e4ff618e7,2035000,Premium
141,0xb96bc75c068b09370de42406bba20747694fd331c182c3cd6836ad7ef038c6ea,2057500,Premium
142,0xe6254ecc77816f04c8b721f65b1b4bf6a87313599c41580bc10c476b5d255bd3,2057500,Premium
143,0x43e146082b49704be832983ecbbd1c875fb4f5c4c181f256c021ae1c6bafd8d4,1972500,Premium
144,0xbbd9d4f12e5850d62875fa4699f23236b8b5d56226b471becec7b3fdf713dd6f,1740000,Plus
145,0x32451e60de1d425eb82211014bd9bb6c55dd8c28c7aad5d8584158e4bee8c6b7,1972500,Premium
146,0xcd53559b7ff27e6b2f4598b0bd8ba9e67bec626fff377cfa4675d5bc1d002b97,1972500,Premium
147,0xc1066d4113ba13fd43714035e4cc6b3ee5fb249df2058e54eba0e1110748da8f,1470000,Plus
148,0xb1929ea695b41982118294fca23e54743be1507794a5a9b2adecdb1fbbf0cb7f,1972500,Premium
149,0x7e33494a2f991ba24d98d31d2ffa7e4c5b86e872220a2da5a766f6657f60b1f2,1972500,Premium
150,0x524857484f88860388cf7fcf279a557fe3a9e6273c8ead3012ae01d89564ca79,1972500,Premium
151,0x1cd6341a802ddbdafff48a9a089425e6b8afc13cdda642cec3ce3aec1a43e3f7,1582500,Plus
152,0xf0e29f37d74b90a0b91e7ef9e1f4ce71e1d5b106b69bbbfb6318188c0c527544,1972500,Premium
153,0x98f9b0a09471ae827845b289ad7b4c85090c8adbab2747e7891db853c376c422,1582500,Plus
154,0x2ef44df78cf4f275c1da54de9c7b06e934e9f0491ca762e3c249bacbf1dd48c6,1582500,Plus
155,0x8a2e9028cb8c9d6de9ccf03b6ec49dbfb97436dbd111da573c7ea204c9f48783,1582500,Plus
156,0x36fe77f3584c8c00f44c53ff791f180f69593448f47331c792accee646cb4133,1582500,Plus
157,0xf1b99d2f000e4c9d3c4c42f903047d82d4082bc2cde9ebe5a7372433ea72a6e7,1972500,Premium
158,0x6aa704f049ac628af9b92906e633b84835ff647e928df5006cf61608b30e76e5,1972500,Premium
159,0xaf5f6a14426ae4b6fdbd151c4e2b06a58d5c03e410c38b29788b538a5706b07b,1582500,Plus
160,0x99ad0cb9b18e338477065a2b64a79253bacc38d265b7c8c5e5cdc8a9ab108e69,1957500,Premium
161,0xa4ab05b72bfab94cee7148c762469dcad395c790f047756433de71adfd7979dc,1582500,Plus
162,0x45b63221fdfdc797379bb1ff862dbeaca77bbcefed1e4d0f4bee3a2520db9866,1972500,Premium
163,0xc9e68578f22685fcce1484a2f7e4051ebe706c1791d5046c4449d6aa397d81a2,1972500,Premium
164,0xa0a9663a52439d8b79b0cb6846e41783bab40f5e02fda581fb4c301f1e2761d3,1112500,Plus
165,0xd7ad4b859dfed9f5e795b1c2fadea5bebc65e64598006ba5fec5d7e4dc6349d8,1957500,Premium
166,0xd7e14f5d29fa4364344faebce0b1629ffda9b43b41bcf0067b517a9538905b1e,2042500,Premium
167,0x0a30bbb0d023f8a86c7e22dc0ba97b7ebbdc0de9a052c44013afb5455c5bf516,2042500,Premium
168,0x8c448c8a2aaebffc092cce5b911cd5eda7f199ea43da9ac2e6799339dfe57717,2042500,Premium
169,0x5741cc175981e27eaf8b7092502b6d2e59ecea503a5654fb091f30cbde84e925,2042500,Premium
170,0xafedcb42acf955de45ac85fbb7fb88ecf9e02b8b5d8dfa8fcf89f8e067d0602e,2042500,Premium
171,0x914c736f18f27de4c1038e2b3a930cc8b4ddefdfd9ac0456985db6ffd3a3c339,1957500,Premium
172,0xc0f6cc825402163538a37a4165e82966a336093e10586e4f6087afa4a4c4cc70,1957500,Premium
173,0xdac037db1568b70c0f5aaf5aa8d8d96aac04fe0583a2b7b55b9dd7ad6d49b508,1327500,Plus
174,0x0421362c30238947b7d21d2705e52e81325030e8e21a76690b7ef481c8aca273,1190000,Plus
175,0x15191cb81f549239f53015f6e8c7700d43f882d6fbda6ecb5538908cd056f2fd,2042500,Premium
176,0xf91f254994fcb97129e532ef2e535486e1d602971e16d0ea2f356bfec9775c27,2042500,Premium
177,0xfbbd1be476c15ff9f29887a9a995d061374b72f0c9262415eb8f5624309ee832,1290000,Plus
178,0x92c99bb640164380adf33470cd2d209c4638f0ef6edcf73d913d7c3614dd3dce,1942500,Premium
179,0x2691b7a8034b317ec98b6b5427357e89fb17ae33012fffaa4498a52a20de14e4,1535000,Plus
180,0xd07c78bf876afe33b3904e7144beade9f3fa55e7683172cc230e687cb1f958b4,1942500,Premium
181,0xd4fe352c9a54bf2c874795ff2799d3453d2fa8f8ccc632debc2b713461f10a58,1535000,Plus
182,0x496db878e7bda30912b8b748c7137194f37234233a465908b4b26e8905557b54,1942500,Premium
183,0x742e9cbc2cbdf4ead21efbe0fbd21d143f91a72039419a17eb27590b4ba220e2,1942500,Premium
184,0x06c09f2a98036746fab0a164736c9b682e186cf8b9bdad528412b6770226816e,1942500,Premium
185,0x0b459cf40f6613d4514e64fd96166c6158d881869a9255a3feec23deab2d4a75,1942500,Premium
186,0xd50d17875843228d4f831768cf1ff54273fb693a078d84b0060bcd698ccf321a,1942500,Premium
187,0xb726b6ecc2675f507e62e8ee775223ec751c50f1f14da42e22135ffe1634cab5,1942500,Premium
188,0xe3dfac8a64bd4872900e0d1b762370771afcdb39e78c58e4413ec2ebfea56afd,1942500,Premium
189,0x0a1fe699123ab88e2f35bb513d37fa474a1fc66fce061f684912aa6e9ac407ba,1942500,Premium
190,0x2b3bc8f20e04752f135e092bb2505f995267c2ec06a2f0f30bc2b8936678ff5f,1440000,Plus
191,0x94e9810c4376880afd3e8c36ed82ae541f6d48e3d28490466e2488befba0bc92,1310000,Plus
192,0xc9bcf081f1cf99bc563669840765eeb800897ee3cfc77376302b24ed8359d548,1310000,Plus
193,0xa273a09e45acf89d6019d80fd2448ce2325b666cd3e56991e69d9c9cfcb9ad9d,1440000,Plus
194,0x47aaec0243faeaddf86ecf753eac616c1014772bb3bc36957ba5df2b6bea881f,1957500,Premium
195,0xbef5f70dd24732d904e4db34fb13febfae789520bd5dce6937e09d01fb8b5ba3,0,None
196,0xced051ba671065da8020809b117e1e60efd0d0aace9e644b1f9ad208101f8972,1942500,Premium
197,0x3e6e2f23ad0c163fbdb0a1002bc4c5d30db73e1d3c11b6d9bf181c0ad0d96188,1942500,Premium
198,0x5787de3992d15c114a9831cc326bf920fd8c3a334151197ae4ec1367974e6b68,1942500,Premium
199,0x2173c8cf753a1f5855d3da147601ddf737aa7e019cd5d55a6a2933e0e5b380bc,1365000,Plus
200,0x0cf1681928855576867844918c84a3cccedb4b15d3ad8de06d70bd87a2062f12,3595000,Business
201,0x8d580ad5868b069a50810307d1ed9d5ac17b93e4c96cf6fbbb8d3657a60839d3,2692500,Business
202,0x7b8dede2de85edbc3108cbc2cfa1bbde467b55adda621d341cace3122f1d5ca1,3595000,Business
203,0xd9f3769148035acf412fbf847fef7d3db04a9d698782e822be380a4682cc6997,3595000,Business
204,0x90d1d9e51ee5e6cc5d62a80369b4877ef09440bbc228193e3a2a2042e52d8bc4,3730000,Business
205,0x6b9ddcaf37f9b07d21dd5dbaeb0a4f43c8c2d7efd43e533913914fe7a265b0f8,3730000,Business
206,0x6017fd05d688f275503c6960a86f63a3c0d815e78b03830fcdfeff0a5725fc41,3730000,Business
207,0x21d90bf618f41dede73d9df015322e31f870bce198fa3f45b7e067ae3ff6014d,3730000,Business
208,0xa2c64c7ce0c8aabb3287e8d9887c66b7e8aa4b916c81162b7b61925b5a858c4e,3730000,Business
209,0x75f7f459ee7707c02b89f2f7d08991dda49b10f71226667f6eac3f7c8d4a3c6b,3730000,Business
210,0x64499d5f9ca95c2ba5b4479db43d9dd5e8cd2296d98ef4447459a05e1738fcfc,3730000,Business
211,0x9a0b537cb4cd1d97ea12c28ae7ac7185f983be422d53fe3e773e63482cf64832,3730000,Business
212,0xd3d1100679f4fc6a02fef82e96ff8302868b6ef0913fc4792b779e1033f2cb4e,3730000,Business
213,0x4b9ff6f2826a08c5c2e4b35cd734a32c7a92a2bc443259b3430e08e869a7ebf4,3730000,Business
214,0xe7f411729adc5429b1f8590f28c74b6e827dbcaf78109ec50111446cf633228c,3745000,Business
215,0x10577de07d559a20eb2c5aae38b2d661756e6f2db834384445ce533368ebbe6b,3715000,Business
216,0x20dc0980d2bf58ea3d2e65f6270df456fce695247476802dad3ce9d1d8e447bb,3730000,Business
217,0x9aa55dbd2f51d5f1d362e4b36cf36d27e198dcd53ee27232e4396398fabf6b2a,2205000,Premium
218,0x2f3bc933ea533197d486836bfcf0b452c8cbb5510193eb206fc1ccc1f8b796b7,3730000,Business
219,0x080901b12a30c98f925c5e75ef594b14a83fc671521c9a12d77f513fc0a757bc,3595000,Business
220,0xaa11c669fec3833df74448f264614ece4e1e97b1e95bf72b229185694abbb5af,2205000,Premium
221,0x41b471178a409fd8859b7a3c04b141186a2786d0cbd5d7a9d935f82283358e4e,3730000,Business
222,0xed20f98b954eacd8811e7db13cc12b85238a8c8bad44ddc0e05b8638eabf784f,3730000,Business
223,0x9f7bffc592ac0b9392ae248fa81b69ef7897fd25269a1300b555b728c5436d0b,2545000,Business
224,0x1333c3c51c21f92514afbe501d5368e80f055eaeb251fe9e14f8053ded8e7183,2545000,Business
225,0x63a972c9536d96b9d60d51bd83f26ebc070b09ff1b450f9369286a4304c6e404,2545000,Business
226,0xd85604d4e3b97218e35c0c55b01d779c251ee8a5303e3c7060f44fcecbe106bc,3730000,Business
227,0x585a544c188459a6fca50ef62a38b73ea8421d3c1e2ff1a42d624f180dc97d79,3730000,Business
228,0x387555cda63af0ab33979cacc4d621cef99c6fc56fb57af4d88df30481833986,2545000,Business
229,0x9bf9dfabeaa8267381d572c6a8fdb810e74d0684bfb2aa9815eaa618e82aef69,2550000,Business
230,0x69b99446798e8746baa11e86b382d591a4619d56f31d056a512377be170fd106,2715000,Business
231,0x20a664c4ce484475b146dbc69ffd5c993ccc69c83630299921a43b0eb7064d81,3735000,Business
232,0x4b332fbc05850c3441d9ee25393380314ac75a8dd8261d20484ba7748bc38416,3730000,Business
233,0xf715ddaf882d1134fbf7800e6171a917a356496211d2587b1e9e0681d5347d51,3730000,Business
234,0xdcfd49ab75b49effeb010f464aa1cdd72b1b1f44b628cf76eb872b87a5b3d122,3115000,Business
235,0x3f13bad4577c2826ce661707e5f70ac5b9472537a3b752cbaa6e2405415c8bb9,3730000,Business
236,0xfb7ad713c1a439808d27a3944bd0f89a5a13d2bb1cd6691e52d6e8ae3ee44300,2627500,Business
237,0x99db727538b6f189c30bd0258071571e76a531217419a0392259569d5c748bd5,3730000,Business
238,0x6c376c322c06d1b2b4294a436e04616e061df274e355f37d517c573ee5574121,3730000,Business
239,0x4e1e7de14283221a3ffb5fd7b70e7d9860f1166a3bf5015afbf68dd9186bc508,2467500,Premium
240,0x7a6ee4bec68f96260952badcd160fdec40b1ac33749ea6764fdaf135c6d4a233,2472500,Premium
241,0x2423758463f43f3294e57f72441b4f1a1336163065286f0e4290fe0924a91b94,3730000,Business
242,0xded1ff4fc650edf6b6d7c5f16af3fdaaaabbae0463cade5ce0ea0737d4e90137,3730000,Business
243,0x08a586b8cead0cc3bed7fbae57d03dd30c5288789ce94c612cfa113cec4e8dfd,3730000,Business
244,0xc70aa025300a6bf0ffd634dbf981df6022d00fb013d435c102c3b70fc0afa42b,2467500,Premium
245,0x3f1f2b4337774fa8b19df19021c20a863974b0db6ed7358b1c9fd880a2cc0666,3730000,Business
246,0x2d1b51384829df825cd99121a9cfc08f116f9b9499b5f0531a9da3d2c06f54fb,3730000,Business
247,0x0e0c5837e9e22e04c146efee79064fc258ea32cbc3353e1729d49971a1efe6b9,3730000,Business
248,0xbd7a6c15861bdd491b6b8cea6ca139cd4a435b56795800301a305b524c6023d1,3730000,Business
249,0x0764e70fc457945aee00523b5d733c41e3c4a0c8444817ed3ca421904cf1006a,2627500,Business
250,0x9a38161215734db6040d04f620167f0ea5e21e17de048cee31d6605dcebd0b26,3337500,Business
251,0x042d261c4da290dfcf615cabbb83848b1a3982eba24f79367f57477027a9f601,3337500,Business
252,0x046d6b0da4ee759a4a74ed1c90dfe7630be1683ffb85cdf7cc01f27828c5eeeb,3337500,Business
253,0x1145c978f23cd47bd7d7b81a78e4dc90847a4794385670c06f4b3fd50c7a8ed3,3337500,Business
254,0x91d08ae4f36afa8f31737ba018faac62cc724760eb7b03164fc3e626d994482a,3337500,Business
255,0x7a9fad17fa7da6f36c1e9df1b5cb36206f23ede733a08fa244acd2c306bbc8db,2390000,Premium
256,0x9100586ffd8a02c2d01a5a375a28930567612e305b5c5785b0da1087c68b8575,3337500,Business
257,0x94633f79dc9e85a9497eea1439b51b432f7a5e20d31cbbdeb4a4bded2f59bdad,3337500,Business
258,0x003fecc737167926b2dedc2a1f43bcc82e5762a5b0eeb01b0409a3f1449e8c51,3337500,Business
259,0x02044a2172ec80d20f70cf9d350956347c9f13874a099018950bc1f9d1775797,3337500,Business
260,0xa4b77d18feec6ea59a131cacc76dccd5e0efc9f49c719b9e07d1732e9978ee33,3337500,Business
261,0xfc5f47d49c063bca89646b2a1c6494a05a102647ad282d7620ddc4d03f9699e4,3337500,Business
262,0x9757957bc13f09f0bc5b74d3e21456b8b363fbbd2dfcc42ea156b747d0d21fd0,2235000,Premium
263,0x6859fc0779f237ab3ea10f4a0adb6c95231984c05eebf05df2a9efebc4f8b763,2532500,Business
264,0x25a518a6f046ae2c3007af3a8a9fe0cec305d0edfa3272f30126f184124e0da2,3337500,Business
265,0x1c03597e46514098d72173c34a053e8a185e843c53abfcce74635420b2808708,3337500,Business
266,0x71552514cae3d66ea49c6e3cbbfe03ecec6c97e2a132c0f0b6096a659fbab022,3332500,Business
267,0xf9cd4158404506f48bb9b066dd6ac9b243d8853654fd84b111e2c1569ed1cb06,3337500,Business
268,0x2275abcf5c231acef534dca2bc8897c133b51894a7c2002c72f0820f8a45fd3d,3337500,Business
269,0x0499f64f927bb9d8fa2de6ad411275fe883f430b40c1d832b8007be5e3739c2d,2565000,Business
270,0xa223827e5f9577ac8bf08b00c2889039e1128c066fe8865fe77956a87f2ad399,3337500,Business
271,0xf16849a29c2dd68c225d65f275fa4916bd7a4775fa583f6d04e7f00eb13bd4bb,2310000,Premium
272,0xbf96e04e9d6598e9afd14642414cf6fdf5dec9dae9009f57cdfc4f3408fe9ec2,2310000,Premium
273,0xf70623d41f36affac5815f0f8d3f9d7ab57557053ee1cd276fbadfb3727e4c57,3337500,Business
274,0x52accc7d7379001eee9be0a14aeb800ce466ede138a486ce3c72082523ba8e33,3337500,Business
275,0xe2e13af09c985c67874548b072a72a17f644770b0b502259334ec5da85d222a9,3337500,Business
276,0xbe00ced7cc64391d534b73a6d65657eb4e2bb679d1f5494a88189866bac4af38,3337500,Business
277,0x75493016fb2d4e96e006233c8533d41f790e36973954ed5c54d54b54730a6fa3,3337500,Business
278,0x193bec4ff4ea8da7051e76407adb2604718cdefe9f0b4f9212adb938eaff84cf,3337500,Business
279,0x2f42fa6f2e80f9edc58cef5a33dde602cda05452e56b561dcfd828ef251070d4,3337500,Business
280,0xd040b13211e1fbd7d74ded5cd5a7ebbcee01b7ebdbcf4fe5940d6c5ac89c801f,3337500,Business
281,0x66208e8032156f5f10ef67add7f769ed9c4af26c62667b83b2393393a5670984,1125000,Plus
282,0x947016f0883af477e2bf8ab3ac1931289107ff62d26c53f44fc2684aaf7cd863,1125000,Plus
283,0x8fb9789359408b801467840050b23d6af9a2db5837e9ddf47d5084f01a4ba87c,3337500,Business
284,0x16e41b829f1bafefebaaae5b38308dfbf6428c69e33f72a43414ac08d679e5d4,2235000,Premium
285,0xbd89126905490cb9f31aff497a362acd45169ddbc7adaf733c1836193a9fac64,2235000,Premium
286,0xb0c9c3cb6578e277d327439e6c06d86af90abbcbea884fa2f550c6feeeb09892,3337500,Business
287,0x3977fd31717db89ba2e3d592a33c10e3b99807f111feb2c3170de5932fc0fb4d,3337500,Business
288,0x63d52f1a010c7e74f8bc04a3fd72d9706bdf44589b00d0f7735ee67974bf150b,3337500,Business
289,0xb7bb090cdfcbf2159a1c1025eebbc659a98277fa166304520c2bcd3cd8bb73e9,3337500,Business
290,0xd166f1e0d4e3c4052d2b5aa87ea2262d5404493b2499a33f18cbc01550b4f20f,3337500,Business
291,0x0c6b8b36411c5c6bedeb34edacf3cd17f2ba4c65ca930cbef48b794167c551f3,3337500,Business
292,0x23301ca7578992cf14feb68cde8d48dfb91c08880c12db82245855b5ef157e8d,3342500,Business
293,0xf2e315b198c0943aa6d9e11b3244ad80e4ab06cf4af23f3e60e1743cc67e0849,3337500,Business
294,0xb0a0724257981ee7eae3c2d703e3a445717c247a91433512843a05b0537ed623,2390000,Premium
295,0x2fcd5684c20385ba150cd60a393d3cf78da504a4fd0784547ac1b27bd0e788e4,3337500,Business
296,0x828b224d2811c63e1048318b617c17aabacdd9774dc13142358b9b336bf48598,2565000,Business
297,0x382f42ae61cba40e246b4eca9ced7b49c46d85624535549ffb5ef277c0ce038a,2565000,Business
298,0x3727ef0bfc90ed12f76e86801c6cabaff111e719b14c725ce4d0ebd82f732de5,3337500,Business
299,0xb1b829b2ed240b7cbb61e3366aea38f4eff5447f9efaba1b1e36c629f6197777,3337500,Business
300,0x979384279e442a10a18859c13dbdc10d4ad82ad438c8d53c224cbcc4023419bb,1655000,Plus
301,0xa81fb37f832fd313bef71d9eed76928ff295eba9f74d36739fe60905422d8ad7,1655000,Plus
302,0x3c171c38ab0ec9c223e08844aa3e7ab4a834ad94f787ca8acf799a51c0ffe65b,1655000,Plus
303,0xe162e1f9303cbae9b3962ae545de203943b657c381b2d05b6a04c97c20e43624,1655000,Plus
304,0xeebbbc5e1b3822b09335faf22cd8fd29c9c5de3fa2fad0b2d7c1336a60637a33,1655000,Plus
305,0xdc50c1e7fb5b1adca9772ea67f3ee9924673b8d6f7e64b0562d10d79080a251b,1655000,Plus
306,0xecf40104e4c22b8d1e35290b1245a8286c7fc16c99658a3f02efa4e4e22df1da,1640000,Plus
307,0xf0bb0bd67496fc56cf8287248efc9fa35aca5eaee844f51336f8c7934c237f50,1272500,Plus
308,0x8bb284870d5b252e7786b84418efe6e609e0e3f7b4f4babfd35e3f81219f4d58,1655000,Plus
309,0x27cda8b3db5a7d4a8d3ebce11f57777cf9aa365f2dd519d4f924978e8de6b2f4,1655000,Plus
310,0xf6ea92a888aaf30bef078b9269204c723bd6cdddb6870e7afcc5bd71f27c5a9a,1655000,Plus
311,0x59ebbb4bcd50a3f847961c11543a15586d7d9f41d5a6016119920977138675fe,1655000,Plus
312,0xeeb708cf89bf7f7a5b1ced4dd4145119d6b52b6e11d6db23e61845859a79d4ae,1247500,Plus
313,0x071f7df174433ef3762bcb3fd41730de43a8bb31a146e318acf5577ded1723ce,1655000,Plus
314,0xa70ba5739dfa2e6ab44a7a845c604461d3c919a194e389d2fa612a429717f220,1227500,Plus
315,0xe0f858643ab9cab44c93db532228c44088bc14c97050aba9eb9d077f09442254,1655000,Plus
316,0xcfbb726529f7fd0b630f5ec92b1d43d63519a3f59be3cea96eb74636b9df6feb,1655000,Plus
317,0xb5490cfaf2572ec4d0c58afe5f32d053db7235934633614f23ae8198ee1e4733,1655000,Plus
318,0xd7029ae1c2f880811a777affb2a7f748bae82abc8afcf3c91476ac804ed07324,1655000,Plus
319,0xfe0bfd238ba536a10af636084ee8d3700a7855596d22979ae7d2e6c50c8b4a68,1655000,Plus
320,0x5fc7782f3c7a55cf66c4589cc61a3b5b4eb42739b57ddbaed9a8fb663ec5f050,1227500,Plus
321,0xfaa6c956d8f10a8d3a394aabaf290560b45004d5681c8c55e552298f61371f6d,1655000,Plus
322,0x333ea70e2ca3358a74fd05558ee52f48ce6cd4a6dd1c2f77a1148f253c599c52,1655000,Plus
323,0xe05c735df8a3ad831bc08514794e83198ecb4440335408abb5d99c0b5a1839a1,1655000,Plus
324,0xb4ee187a614021f870db6f9e7f7b299981ae221b981903fa43cb9cd11962aa36,1655000,Plus
325,0x86dee1326c232aff9080f692594168e8f0d50f4efe41ab55b165c527273e07fd,1655000,Plus
326,0x110c61729b3c3a9fb553b0781b951768310dc88e62f642098e7d7bcd7bedb78f,1302500,Plus
327,0x8f9578a8a52cb15f2349dfe5632b27000ab10ba2f9a7167b9acbe93af3571231,1655000,Plus
328,0x4317e473d14e01968c8dc1275c3ef6258c22b38f7fce12e81fdc041960aaafa7,1655000,Plus
329,0xa5a87f8a3b0fd118d97bf690b3f249e410fa1b420d17e55df322f55628b5e3d9,1640000,Plus
330,0xdd0fa0ec0c93f528fc32d2f08b61980cf298fd693a40b8c9a54e90e51b3317fa,1635000,Plus
331,0x93f3ee25338705b802ce2276c31f83d59aca8e09fb067ff687a18142e18453fd,1640000,Plus
332,0x6329629edde3198066b722c12fdcdde3f616c0eb7e68faf602fa577c6eed1834,1640000,Plus
333,0xf4d668ee1ca01e36efd13086f5860276224aa4762f45bb22460a3854ad4815dd,1640000,Plus
334,0x1cd5b1f861ef1295216babfd66f27cc9cdf013cd11f4a0f9d41c332dd10004c5,1227500,Plus
335,0x65daa3620f86911e867df278a04f956128e3a2135d5ea03ba54a30897458ba63,1635000,Plus
336,0x5cddabf81ae54e3396c0f542fba75c06b628256a3f5c2f3568fc6a68088fecd2,1635000,Plus
337,0x8e8b6e0f99f27a0417301e3069aee88caf5d460c6e801c25178416f3310cd80b,1227500,Plus
338,0xe012e851a88ed983a78d168e72d6ae9e71e5dffc593a49d855ebb450089c29d3,1635000,Plus
339,0x62162074dc2f63e665f9a64b298f65862f0d9c6cb291d82ab5f847dd42982dfd,1640000,Plus
340,0xa6016bdc94df300512fac9d97d0fc83df10956156eafbc6aa0134d51a72cc44a,1640000,Plus
341,0x28999c137cbbcc470556de881b15f9fcd477e89e82e6f2f52195034176cb031f,1640000,Plus
342,0xacf3febf1627e02531ec2efa3f078b82e26be03e3c2cd6f8705059444195cce7,1640000,Plus
343,0x93b1e53ec146407dd44770f7cda480dcc90152b691cdd5aa5139324b5a72d198,1640000,Plus
344,0x0a75f46b24733c21d7a8ff03d1686142a8e1fcc5ef732f2da0aa7976e7a4f952,1640000,Plus
345,0x8401c999e5c8127ae0a244513434d0262374e921d7d623eceacad503bb345400,1640000,Plus
346,0x238410f506ee8bf7976cae5b7ab7cba4edf5b84c044c471f31e7ba82a27498aa,1640000,Plus
347,0xdf667c69df59fa038bb075ccad456147443728b8abfd1188ba9602ad2cc33c93,1640000,Plus
348,0x9d4b171ea8323f0059d3c4ec288a1f22d42b00e04a87116ce919ef4cbb25bb09,1635000,Plus
349,0xbdb6be273fad91f27730451b571a2e1c01cb85e7ecf3e185438601e2e1ac2dbe,1635000,Plus
350,0xdb30d57581732b616f7d8f2cfcc9923e82829c704c925c5ffd51a449cd703007,1322500,Plus
351,0xf65b2d7143d0cd6b797249f9bda4d09c3f88b66366b34de1bb00316d3c93dbea,1635000,Plus
352,0x126e94c4e2ed4a1941f1e364f54ee17b95a2df0b4a885ee19e9d6bb3b05fa501,1640000,Plus
353,0x58fe63aec2eafd6f9530d98c5236be83c08621bbc4f1b537bf63b7424c120776,1635000,Plus
354,0xa1f632d3ab4d751519e152edbb5e4413baa4c1fe7b2940df46ee8b16951b0a1e,1282500,Plus
355,0xfef1c2783b4f9e80c39be9432e8cbf58a4f566c5c2c04a2be77e4fceea41d8a2,1640000,Plus
356,0xf28ad3ce3ca4b48b5f90c11163a91d7b51f8954f196fc0e568a508eb30303d87,1635000,Plus
357,0x55eaa22c0d91073d51ed585f674990a280e2ba8462858724a7d726e4c7944dab,1640000,Plus
358,0xebab16477ea4092caece31eac2dabc1a32d54a963580710db868a1fee4946d5a,1635000,Plus
359,0x9bc5e502972a9c3f29ae0453d63ca9fe54db148fb949cb7f4abaa3c4c062c1dd,1640000,Plus
360,0x7bf90803add7dae56517ada5e11282343028641051e7e99d7e4b72c82e3b1ecd,1227500,Plus
361,0xe3c557d80e7619bbcdca902d8376476be36895d49017eab31e02a99e52699923,1635000,Plus
362,0x28f1eabe2c575c718376d9de47213eec218f205f0f8c19890fd63fb1dd476b4e,1635000,Plus
363,0x684e535cce3425374dba953b3cdaaae122fccf38bc751c9bad86bf3edcc8366c,1635000,Plus
364,0x3abef5cea8953974ba11a0f105ea9db7d51f195b5c3adba803f6a6dc174253db,1640000,Plus
365,0x3241834d730b23eed1b3c8034a94aa123fdd53240b3204c227400887b53aa94f,1640000,Plus
366,0x78f5f2fa774dbe4499587f5d5d68fb254be62e5bf81080108ac820d9a1760715,1635000,Plus
367,0x159155cade170a445fa02c1496b61952ffcb14ecf5447e2ca4ab5d9e0b186308,1645000,Plus
368,0xf076862a2fe36e172e12eebbcecd7d28a93c5eaf9f3714c3ae7dea84add0879c,1640000,Plus
369,0x567523479ddf88d9803349d242dbeeaa540591efd280790c9abdb61945c5898b,1635000,Plus
370,0xe6c3a34a2353684996ac520d3cb7d1e403b8563a85eeca1b584fda2ceafd7e0b,1640000,Plus
371,0x4d9f9e1ab900fcb16162263b9cd456fc88341e59d4bbb5650c637ce1c01d3455,1207500,Plus
372,0x276ff5755c09516294fffcfd5da8cd0f1f579b8a78fd312059541e9e46384847,1207500,Plus
373,0x1e3ce9e8be2b2ea683283ff7d73125c963be1f00dac46925feda28d5580856f5,1640000,Plus
374,0x7613e516c56c55d67728a5507f7a7139da4391d3179e2d7db30f43d982ded9a3,1635000,Plus
375,0xcef14adcdf29e39934bfcdb3f7dbc724ef29ce46cd01e91d0776135618a094e9,1635000,Plus
376,0xd3b3e38a1d5cfb19b70959d3705e150e3d1adc0d293eaaa3a7b0d953b763469f,1635000,Plus
377,0x8f0871e8a2acf12e4dc43998e7f23da5dcb67f621f73feeba0482f8c83dc87b6,1640000,Plus
378,0x2e160981ab34e07c51775387393036f6254f708411472b6909df28d12bb8f13c,1635000,Plus
379,0x54dceb235c7c3e1eac837bb37529b61169c30a70d2636321dfb63d2d5dae0b11,1635000,Plus
380,0x1ce4698263da8bb9c32c7786ba9912f77e90b7c9543b0d654293b6f73f13b338,1640000,Plus
381,0xe811459f5bdcb77a8f005ab69c301daccaf2241981924e73cdc9af32027b43b4,1207500,Plus
382,0x7de99b66a06f4ae32190f40dba9dfbb2d03bd5f6d334d53359a4781ec676bce1,1440000,Plus
383,0xe0a65326a0105c4cb8f997c83d71e1527114270aded47c83ca6bcafea5e10eaf,1640000,Plus
384,0x753f1a9fdfd50d6f4df93279db7845a820504f84c42a1e63e048358fa7f0ae9a,1635000,Plus
385,0x083eba9b57a65f5c71dc4771e8c453c9b17206e79f3ae14ca7c0160153f3f5a9,1635000,Plus
386,0xbf8c05c2cef14b7b99d85c9c6adad9d7516ebd56cd6d79b3a154e2e73e218914,1640000,Plus
387,0x314876770ba35cafd55c363ffe159a6bca178af91cc6ea44c733a152f9695a41,1640000,Plus
388,0x0eede7971e446fa8f759a319eda182e1423a2081bf7eb5f36687654b113895d6,1282500,Plus
389,0x3c6b67b2d194f59819b04cf9b76f6b731a03d321f273b953982ec189b7465146,1635000,Plus
390,0xec93fcf567c581007f3424f2c2825b674a1e64b130347cab9b3edc75070e2e42,1227500,Plus
391,0x051c6d4bd9e62c2541621f7cba23cb95bf244fd4ade9abd29f8356614ab58024,1640000,Plus
392,0xc80ddaf4bc1694763f513920918d15de1d296b23a25ecdaf3d9adbeb5a4a655b,1640000,Plus
393,0xad36b49683cdd0729bc6e8b94da1aa6758caca0dd69ff95f3c7ffbc9733e4cea,1635000,Plus
394,0x02dd2382c0f32fa9f39a823577e677f16a0ef849a314c21ce165d133f0a965ce,1402500,Plus
395,0xd0f67ff5f83143458bf0b78ab4a6978173c7270e5cd441fd2b42529327d49a78,1640000,Plus
396,0xd9f0dd4c89bbde9a08a3776f693f6bff5360f323039ca86c1c5cc898c0dbd533,1635000,Plus
397,0x7a4a8c9b0ba12861bcdcb18e8cc14b5797249068685e546c502352cd5ce34617,1640000,Plus
398,0x81c1faa1a33dd857d2d74a26e7454b237bd10a9177e4af9053c267ec44fe3778,1640000,Plus
399,0x8754b2fa4ae2c73a96b30e87b6cc61f556cf52c60e0d1b7088785be7ef064ffe,1635000,Plus
400,0x54c4d116b21ceb8d39954573295bfe8419001c5204b571ecf0ab409c4a82f4cd,3195000,Business
401,0x26aea2d9e2ea0e258096651fb3edf75739894280e0b1fff345d81d3a8077a8bd,2732500,Business
402,0xf265d10ad08f678aacef3e9e42e0c9afb573f3a3cc7a2a20cc47422b68dccbb9,2732500,Business
403,0x8c00d27ee20b395d27adae294fe7d545d9ca28245415bbe80afdeb6bbb5ad67a,3195000,Business
404,0x14f710235a1292bf29bdaff4a3322925c9a708e4c33a098b18f2bd4ed5f9ebbb,3195000,Business
405,0x3813482fb01139f3b1820c4a7cee8d4ad54badf7b81d91eaf67fe256dc1c8375,3195000,Business
406,0xc66f99839e330fba4c86d736081d865c71f45744f7d02c63339b82dce0b73b77,3195000,Business
407,0xb459184aab940169a590533c6ac5b662e23100a3232ca1251b96692439ecdf78,3195000,Business
408,0x68336ec190bdfbc2c2626cc42e788397179cdff0af2135e86a73d08109f5585f,3195000,Business
409,0x7fb315bacec8e594613f712fcbd934709d0597f88682e7780f85424c5a58715a,3195000,Business
410,0xe6556fbfe5e21b54cbe1b7052f58619b5a2ec7182f7e72d94764875d0106e545,3195000,Business
411,0xec6c9d76e3f15f659bd071162586ae1a27f0d053030864a3d5dfb100182f25d2,3195000,Business
412,0xb257cb7a60e3416f9453d9bd53270d2c7345b728cd6f238ba2fa520ce14db709,2732500,Business
413,0x2af5ecf076e7b31fda969a367b33452c59966fff996965488eee22b25d8bcd68,3190000,Business
414,0xd69f60e0ac690f89113e38899ec7760b6c6f6d051c5f265f164e3a0ba06c2a60,3190000,Business
415,0x73b106f4e79dbf6e0d99fc30dbb420bd74b82a78183d395927981f66de61cf3e,3195000,Business
416,0x46c79442887ba36fee58261e17aa928ff3c996d0c8e2f8f71de15e750f52c862,3190000,Business
417,0xa925c749c547f4df5b97869ce5961f7d1b80d187f23cccb8e21fcfd20971fdf7,3195000,Business
418,0x7547f9b73290974cc797bfb086452c4d814e8840ef6f672d0f4c7f9b9ad17744,3190000,Business
419,0x1b86cdd683283830b2994a4f69785acef88d1be2877ee38de04b7b098f01104d,2455000,Premium
420,0x478f647e0192454ba8dcf04dd8ee1c192d05295851c6bb082ce1bd92cd5df240,3190000,Business
421,0x71fb965deda03defce361a6874172c4fa1ef779cf71a4d0e26e39d6003bf84be,3190000,Business
422,0x31f7fae08f5c38c7f1bc9793ca8638b8b86cf4f91c7baa15b22ad90a68603848,3190000,Business
423,0x744b395588afc472ca7aca420f2d83fc380542c12d456830262a2883a53fdcbe,3317500,Business
424,0x2d13056c3c4d658601f2dff6eb41b0678d4ef598f11de0911c5687a1cbc03413,3317500,Business
425,0xc5e69c7949bf655138d1b5c065b3272bc372e8fa0c8e1d6198961b57fd3d61bb,3190000,Business
426,0x6b756a4dddec7a6e1acc6bb292239f838164b5c677020fd316a5e2ca50e45cf0,3317500,Business
427,0xa145ec0b5692c19d7dc891109fe0eba68b5837321b3235aeffa7ee2f3ce837b4,3190000,Business
428,0x6f00720f3acd922112de98edecca17ec919ee1aa6bdbb6a4c5ba984b0682a151,2187500,Premium
429,0x61121d396fdca59a87a0a6fa233975399210ff481957d822ecb753245791ea8a,2187500,Premium
430,0xa6d92668bbdcc2c203b353924c28d5c410121c28155fde02685c48b9f5988a62,3317500,Business
431,0x50735ca40ccf40eaf78d1b04869b6b8e3bbaa60fb3067700a40cc79b0e125843,3190000,Business
432,0x475c99ba3619fcf8af3fb617d133d704e6eb3bdefe639e8ca98e90c0e86c3a45,3317500,Business
433,0xa75d8cec102b02ea3c02d00b80913cc7b61a26caf5db0c04b73d540680c7816d,3190000,Business
434,0x4d0fe498ce71bfbf279b974870a04797f54ef0a4f4ae85cf7df2e24f8ab17c47,3190000,Business
435,0x842c61b00dd4a98328ac14e22aae0deac729e6511745f470f7ff803f5915cd3c,3190000,Business
436,0x29a8ce6ef3cb512aa049ad1696d70020c588cc42254ded45f562b4615e352419,3317500,Business
437,0xb3d88f9bf4d2cf680f40cebae92402ed60c2b133ed216f0109d8247fb6f0aa97,3190000,Business
438,0x23400553c26d026886eab98ea12a6a3da3b8bfaec94ae1086c33b07ccfa98598,3317500,Business
439,0xd70b36c29902ea0585b79bf120e4b38665f551ecd28a917b5a974c330799e31b,3317500,Business
440,0x8c836276f6442b9aed5a925084458de6b00cb020ec5a70802e9166acb120b187,3317500,Business
441,0x00c00f80556db60d63aa9f7238d68dccfd77131de0b0486a5ffbbad205a63cc2,3317500,Business
442,0xa827806f546ff4d346153e9c236ba7c241efef0c3986eb6f74ede8469f26d739,2545000,Business
443,0xe0a9306dc776e810dee2a884a3ada13241f0500d69b1ab4ca846eaf8c129a0d7,3190000,Business
444,0x9774166b45e672bd9281a06ec73a30a05c5eb785840669967b025e521c8d855f,3190000,Business
445,0x0e1045890329e74429eefdfe0f482d2d2874fd2ab6a8e7d1ccb5692b56801c26,3317500,Business
446,0x5e4c7ff67e525e26c599dac62fdbd3bf6b42a794d6a4af0dcce8a8182913b5f4,3190000,Business
447,0x84513e93a2494cc1a27c005597ce41ebbf526e215d88369ef041e3684e13e3db,3190000,Business
448,0x6bf7f8c3e7d709a60b9146159108f54401efc0d07f44b5d0f91e93d75bfff5df,2187500,Premium
449,0x5573dd8394f40c1f12e3c3f17426b22dce1e15bbb2390dcf52af0f72440d1d46,2215000,Premium
450,0x4ceaa1914263765eeda9ffe3ffe071d355003a49567ace5a02cdd8ffc79704c6,3190000,Business
451,0x6eaf22fb6c1714e3c6c767eb383ab8b7cf42ad740620fa02d53eb7e2225c49b0,3317500,Business
452,0x8004f69c2c91d7171581f0d5071ff211c33583e6776c354fbc717fc8bc39f1ae,3190000,Business
453,0xcd63dc3625238b62713f191da1ad26b0c1756fb06e7b03635b3e49b4cc28eb2b,3317500,Business
454,0xc8c6983ed9a2d6bf56fe217f4b2a2af94a51ac37bbe211ea6b8a54044102b5b9,2120000,Premium
455,0xa48b6571c829d7783c2d61ac606b105fbeaa88b18303d603cfe5cbb58bfb82c9,3317500,Business
456,0x8bd04cc6fc696e9b8467c782b7749fa7e26407d60345aa346105180a37a2666a,2545000,Business
457,0xb3649e138eb4b461e8ddd187a3e73537fe24d0fdc9e2a2beeff69f5e919cfb8f,3317500,Business
458,0x46e229606325ce60b04e0368173a2533aa19ba1d5afbf375da5e3198620cb368,2187500,Premium
459,0xc3c1f42c1e15f1028bbdb523c382197a9436137592a120b4085d2c8a278d264f,3317500,Business
460,0x0cfcda29dab234983231c2c389c3cdfe81a9a9b3b3548435001bf12db014c5e9,3317500,Business
461,0x497790ceda535557491ce4bc0a6f660ef6cc7174e388e6a10b2d6098467e91fe,3317500,Business
462,0x04f2ca3ea9a3c39b04ff10c04473c2837b40f2d16c8a561fa69f23ecd846cbd2,3317500,Business
463,0xa97c9f556230cfca94337b0bd6090b50b70a97f474e8ce9b5c2433c154da74c9,3190000,Business
464,0xa394c6cbdecf38aa941e2374c1d2d715290452434d22b41ed4f8610c6177c8f5,3317500,Business
465,0x071145fe14628a9d5bf88f1b7094416c1caa66c34eb039779cb6507245106f2f,3317500,Business
466,0x5c7a749fd294a438a126502d403b07d772bd4a748a9877e29b062af72a44759a,3317500,Business
467,0x8c362a31d6c2241b797fd07a048797352106583ffff6ef5ba622fd1b73ce3979,3317500,Business
468,0xedbc2e40b9470b6a6300d2c214cd11eb22185e43675f468d43d7f744cd1ae78a,3317500,Business
469,0x9a17ca6025832e6c45ec2f6b2dc12c245d577eaea57c7b32dbff7b36af526554,3317500,Business
470,0x2d797c8753991333bea9fa2c4ab13bc627f82dee5c2bd8397ba2165b5f6b2f2b,2640000,Business
471,0x44cbe1188dc9906d29fb28eca1ad9bb4afc4928483bd8d40d90e3f2ef3bbca19,3317500,Business
472,0x6f3a3cbc585a9a7cf7dead4c45d221b4fcc7a6bd77f59efc69058dd8f5f1c6c0,3190000,Business
473,0xc7a0675a74578fa5a58d4cc1bd344aec1ebddc46f6de4ecc66711120483b24d7,3317500,Business
474,0x520e86b1be0e00cc7ee0116e06a4457b2c27d70bd83bfe05b4176bb88f6428a3,3317500,Business
475,0x68cf0af596e97f5df7e82a3a797cfa74392fbd352e75d22dd5cbae756d94cac8,3317500,Business
476,0xc228227845d706299678f764a864ea2540a8624dffaf32e8c4ae7118df34c9d2,3317500,Business
477,0xb7663da073726dfbc940965eedbd7e63b5a462737d595b564679ec8e93844121,3317500,Business
478,0x423f4e3aac94ec4ce8fb231ed19783094bf3d82311ee5be148aed26ca75cfae2,3317500,Business
479,0x918242ccb97fed35605a273a8d45c9902d5e8f4b94aeaa3961a6f68cb1bfc9d1,3317500,Business
480,0x79e33ac85883461c1b6b00bfdc69e36fdc7e7f80143c5fb2638e47b1cb7b6455,3317500,Business
481,0x868afeb383bd4c5f567eb3dffcd417d35de0e42e36f72de0f7f3051a7dec51d7,3317500,Business
482,0xb687e9b0ea6e4b39d1f1b629f491c19d7a82b756338e7b051f0a49d6a853a253,2370000,Premium
483,0xbb868ab77f8f1ccb5f9ed9b961900b676c41326fa309f0bf4533dc8466f98013,3317500,Business
484,0x997100ada208a8931ca7a90341b317a0c1a0d0952dc929c6aa8e65910b8ed941,3317500,Business
485,0xc6e7de65e61d66cdcf0dd4c9120960142f07a5bd89034b4fc7377cd74e604595,3317500,Business
486,0x949f82f5dccdc901cc4675711f644aec0df7a4329315658f30c04661b98cbf1c,3317500,Business
487,0x04b02e5a3b5219925e497dfd312503de1bc0f2ecbc103b3258e36dd0176da92d,2215000,Premium
488,0xfad2dd29690c9ed15f1dce752de897eb9e49883c69f10a2db2fe55cbc0672c57,3317500,Business
489,0x31dcf5bc4704087a4d1660de5cd1a2bb8aaaf353b463c23ea74b83ea01e0644a,3317500,Business
490,0x326214e95cb355b787e17ab5cbeda479eb58868fe9f31e065fac797c13ab7775,3317500,Business
491,0x789ec97b0e3915d60c39682e536aeccdaff3e4148790e59adfeb0dd48e1ad0e4,2215000,Premium
492,0xedb51778a8f7a928e8e8a7608cb100d07f1a7a04b70bab6d97ee083f348df2be,3317500,Business
493,0x220030e5767f036633642f31e647edd4ff3d8350f9a0ef80a7cc0846008b0662,3317500,Business
494,0x74c0dba12caf901becaf1090233f45aaa9dadd87fb6b6fe2fcbea6b12e0b5037,3317500,Business
495,0x8c68b6eb61b9e551ee0fdc26cff37d9877793f9e29b369541c6c1e439a8c1a7c,3317500,Business
496,0xd666c6d0c56ec933af82d6452bdc8e533c0e2209779d513ca88e766b4e8b9c5e,3317500,Business
497,0x7140280616b720d212cb4051601fe5e49562d5ea26f53bb513122267dea3ca7e,3317500,Business
498,0x722bacb8711a901ec3b320446556c9a22f9d2931d81f3e57fa176e5572a0acf4,3317500,Business
499,0xdf0903ff20afc4d219446f0573ec954452210dc84667ac13a6b65e85ce3807f7,3210000,Business
500,0x5b3408bfc21097a6f3c01e3cfd3e56f2193c37638b0bd46ae0916202c07e8384,3600000,Business
501,0xf8cc1399af445c849a6219c14ba9614bf4c12fec15db50a7bed63a24bd671f96,3600000,Business
502,0x238b19e48cca4b8bb98ddc96b5f4b729cf5715a6ff2a307e566f5254f1f4faff,3600000,Business
503,0x1474e729cff3fedf1b46289d7c346fa81560c709f3362d65be8a508369b957cf,3600000,Business
504,0xa8fc8eba574462bd77e001445a3d3e5d6cd98a8b78693bba42d9ff2ea963cd56,3600000,Business
505,0x7610640e24c6a4eeb25ef5b795756999673238619b6af6b72374c3f15468e1c1,3605000,Business
506,0xeea97b4899110f199b4e768218c44ad2fa74059c01efe2dd3ececf33ee8a205a,3600000,Business
507,0x2bc2e66a33d2775c5feab1d8279ad2223dd80be9b1d3b870172d26bb6829ca5a,3600000,Business
508,0x9da4f04be7bbe111caac4a06819460213c63520dc0697779e5a0727191819680,3600000,Business
509,0x20133da2110db60d037be9df4d83e5e6e2f2ce4739da21e96bbf0a8b4b5dd745,3730000,Business
510,0x3c627acb1bebbbb2ca7d1f9dde1b3279f3e2b5f19b1c17a8e7d10759ba51b8c2,3730000,Business
511,0xb5f08890cdcca9c10b8c2d1b7620c5a5fa4bc9a65af69b35ec4f2ffd9379e917,3595000,Business
512,0x8e3f70bcb51b0bff5c6cfafe67a9d7b1a7e56ef286acf84cd87c4ae0f55a74e2,3730000,Business
513,0x28041ed568a6a380cdc4e26a9815ca2acd582f7f72971505b987e2ac1bfe5ff8,3730000,Business
514,0xb45c69e2543bb860d1eaee89373b4e0fa2a91eee48118fdebbf967add476d745,3730000,Business
515,0x80ce8fa8220173ec56c48cb3fbc9b7a05618145eba4bcd7e74fdcd2a7689929b,3730000,Business
516,0xef2923058ef781e3cc55873ed91e91ea357b4a36ab2b807e832929e4ce4ccb66,3730000,Business
517,0xe89ac9202d2cda545d8b69cfc4fbe7395c6ab2bf7e48d519e59ee6decc339479,3730000,Business
518,0xe28f55aa134133f78cb12816b1e72e098c495d5720015dc752418bbe57c2cd52,3730000,Business
519,0xe056d5eaa172adcc5b0f139e3d96ddbef1ddf169961784e4fc2d83cb3f4b966a,3730000,Business
520,0xe2fe3df94525eb2456c0f58b511a4ac5d1dfde19b4ddaa4108a2d5fae0fa19d0,2905000,Business
521,0xe72ea851f9e38df6a48a41db385bf84688b86764a18eaea1e0a72f348073433c,3730000,Business
522,0x1dfd4b21e070f0119bf6f215c27b2740a382d05f9820194a88c638d7c6069fe5,2395000,Premium
523,0x6dafe61299726a2992c8a95cff7587c63145d544483e7e6741c5c29aef5be779,3730000,Business
524,0x2bc486b5877d113d3280eeb74d3bf9ed85d926721fbb49a67a643512e7732c8b,3730000,Business
525,0x6eeeddff178680169ccae37b7a0f62470a305ad8aab97e6c2e7129826e183525,3730000,Business
526,0x24b0e70fc2dc25f21bed63f102b9cd89a1cdc299acbd3261b040878005adcf42,2327500,Premium
527,0x1c68421d4da786c24e0ab4253e2b63665cbf6039eb6ff1b7ede391a7601e2d44,3730000,Business
528,0x27e09026f1fff8145c1271ced733f112c518572d0f7d75ba3dc54b9e33b486ca,3730000,Business
529,0xcedfbb81e890a15808f7d678deee23802de2e3133b5bb098f834822a4a41357c,3730000,Business
530,0xec2facdb943666ecac5c2c4a17be1d7b893b5e5af637262c80604f7e965ad1fa,3730000,Business
531,0xd8c9b72ef66ba3d703add1f9c9abfb27bfc460e85a87ae6ff6df26975fdf4169,3730000,Business
532,0xfed397c3c8f68364e61022dbd22a0707a9a3520357d9a57a50f41cb2b4e89642,3735000,Business
533,0x48204e3abdf978fa3d426941b7bfb3886613047a214fa93d327ea0cf5bfe97b0,3730000,Business
534,0x6b15fb3e2ef3b5f656f2e32ea3b4265e735e29a48bb97c1c0e1cb64f810e3778,2715000,Business
535,0x8649df6554a55cf3b36222d440542abcd455edaae718c96e93a271de47ee9e11,2715000,Business
536,0xac05c77788e698a435a2db2d2638b610251fb79442f4bb6ae3e00705d87be87f,3730000,Business
537,0x8f67a58a0b97a85828c82365077e804ff5e2b9bdae1630ce02cdf2384012464a,3730000,Business
538,0xfb393cba06aaaf273f575b5a03da8a9cd59ab14810704aac15515fb466a372e1,3730000,Business
539,0x3209b070c385eb900894061f569f954df1bef774deff3011803bc60a6b62aa02,3730000,Business
540,0x5094f242053f80d9eb14b5a01d519ae112fced29b29c9dbfbc8b18f8a612a776,2437500,Premium
541,0x9c69d854b5308f213d06ede31614739801f83c6e87ec1b8873ae0fcfb0931cca,3730000,Business
542,0xc01ff301ba678c08160c2d8464177498e8c769515f4dd7253ab2a487500d4fc9,3730000,Business
543,0x847337c2151c7f1f414ba483e61968c27ea11d8de94156c09349373fa9da8471,3730000,Business
544,0x0c86bf30e66b54adcfa5e62c50c25a6f863438904ec962d201dec55da474eb55,3730000,Business
545,0x99e4ba3ab33c0b6f51819ffac57d92184494c45064468ec6ccde0ce13e1c4459,3730000,Business
546,0x7815e1428bedce4bcefa0934d533ab406e09bc4eae2aa10101b454a7ac5b1dca,3730000,Business
547,0x581685cee6ad90b7a151c9a926f590dcd9cb3cf3a6623325097bc576691fb068,3730000,Business
548,0xecc0c3420af26cf6078515eda20d05898899df38ea2b5484485d9ebf167de90c,3730000,Business
549,0xd1602e088249af4ba7dfdf05b2a276eab4c1a9e69e71582f6a1a853ea3e1a456,3730000,Business
550,0x99ea308d3e4ed0c5180ccd141055efc56bc2dde381e712d4738eb361af5cf3cb,2327500,Premium
551,0x830cc722f088e705c0a6a9ccee3624cae62c5774ebadd964f57f4a09d0d23338,3730000,Business
552,0xccfd4c7bc39366518994a7ae2d7edcecfdca904f0452cac6ad111430b0ea02e7,2395000,Premium
553,0x58275461ee2d33ae29730c7c647bb8a181ddb283d2b3be930c43f0e7a2fea908,3595000,Business
554,0xb8180a4108d8b1d48adb7008130fb67feb8e86612b2f41987ea420901b3aecf1,3730000,Business
555,0x983a9deb7cf564a62ececd2cc4512ad18ad2d5748cb53655bc9d956ad56aa07f,3730000,Business
556,0x1ba67d59a92da5fb8c7afba6ad5d878ac8b1723fef40aaea04c48cdbe687fdb6,3730000,Business
557,0x7ffd8fec388515a7839b096300e43c1efad08a9d9a6285c4530426ecd8eec3d4,3735000,Business
558,0x868d5deac555e53b7bdf4b94d43e1786ddcb6a1de9b6e3a864480b6d3e495523,3730000,Business
559,0x108433227b1b933c6de66bf432d8e1535ab909e331cf267bb65af7affe6d7bef,3730000,Business
560,0x2b9f844fca017f8487f1181c733a71e00d27a8b5dccb815b10a2855a33f86ae1,3730000,Business
561,0x29c4d8221fd0afe6e616b67c60b71c18d804060feaf120901563113198223efe,3730000,Business
562,0x5a78e9e9ff7b4e4457b589e48ff2459d99f2ff9cd2586e45842e8e31a7a0ce13,2327500,Premium
563,0x49d3faf0a69e57bdddca9be76d9161a56630ea1ff8fa25c585d58dc13c89839e,3730000,Business
564,0xc4fce0efd04b441e1d248dc420ba7d7b6c67691987b99538080295730ea82a25,3730000,Business
565,0xca276b8ef097474ec0ac190596d2767a4848b1ed3054d16bb5bb865c35c49b74,3735000,Business
566,0x95019660720f04705d2756df16525870e520b1c1aa81c81f45125c4a73546dc8,3730000,Business
567,0xdacc09508f7802232f86f86df4f22d6e9d049b0bc5075056323e07bca357c370,3735000,Business
568,0x5c4c8ed561d32d6ef6b0a525200337f853ce8234b6556db593bd665c0ed1ef7e,3730000,Business
569,0xb010fd3dc90040eb3b1ccd4679cdb0061d23fbd3002cbbac0f9c7441de609a57,3730000,Business
570,0xf9e41bf4c14def781d4f9d0be7a13f331ad3d87d92e4b90a2ec18558aac4f6cd,3730000,Business
571,0xa1a57f4716d1d50b063594d9af4d7950d584d45b0ff4887885b82d24e314db0a,3730000,Business
572,0x456dfd1fba5edbb697c0022e762472044aed58211ae97fd5a3bb5d6639c81621,2327500,Premium
573,0x3b63841b2e1541eef53c9939387e6b87046e4771b1b5b34c972967b78afdfe14,3730000,Business
574,0x38ce056d0b0bcc7d49e8c4391816e5cb7eda70b75342c312a1794c2a46fa8487,3730000,Business
575,0xdc2363c13c28e002b1d384acbe774e021ce25296a12f266d087c08b2267e237f,3595000,Business
576,0xa9afae10aa18dbe510977c097fbb998fb843025497a31da067952cd6dc075a2d,3730000,Business
577,0x477e780ff8b6a36dd0224fbd1104f11d9b24e657bfaca2a78364d836fd1ea28a,3730000,Business
578,0x67674c9652b294098c800503d1e3df24ebe6c3d53c42eb0bfeae30142b388110,3730000,Business
579,0x15914a09c81dfa7a052ba28707b686a4e70ad453e4dffe44a2ca53b3daa25b16,3730000,Business
580,0xcb54ec79bf4b485063fd7b28e8c1956a92d72a3f2e9a904291c83f271e9e5cf3,3482500,Business
581,0x8a7cb2f9ad87443d89a91f238c0ef9000b41a69e29391b7465b752dcc0cb4ece,0,None
582,0x112e8b3924ba3c8f81dcca20e2685c7e53c00fd18a0f1bfcee76e240a682dd88,3730000,Business
583,0x9ca2ddfbacd10dde34c3f77f6dce2f1591588f93a4f9d94a29df277f4139d50e,3730000,Business
584,0x73440a786a8834c3c77d4c8be84599b17df8acf217d453fc78c17552663a2755,2395000,Premium
585,0x038a7ac020cf328287d0768380cea4b6d48fd2617e5142b2e188a10056a8514a,3730000,Business
586,0x544e8725240038d943b79975e3e7e85a8bdd9c4cec10d34f82a8893d10263615,3595000,Business
587,0xde6c5a70c057b28c83d4586241b3737aa5389173a4e176f471909f233155702a,0,None
588,0x4cb8b398e08cced2a55f8e2dadb096c70d5608ddfa220074e90fe0c43ae41687,3595000,Business
589,0x0efd3cfa6202fcf6897c28e7c3dabbd1f25c1719c25fc166cacc139ec3578e70,3595000,Business
590,0x88f6c911189ed2269fd4a4f68816089369f50e725601da930a956001309e3781,3337500,Business
591,0x169dcd375133fc8d4054abe076d1554365fb45dc157e4fed494bf014971df7e1,3337500,Business
592,0xbdba7cd56ff62ef5eee8d713222e54308bede11938795e4a8237efa00bc90fae,3337500,Business
593,0x110ed13fff2037aba75866388d640fd9c96b47be5ceb1ad067d95f554237a6e0,2475000,Premium
594,0x1a96da047b15c31150e09b2bc45b761331cf36d40e6e107f2886eb7975c06b8a,2235000,Premium
595,0x36b5092ce9a00386f2ad85924ff6a4c718e0e2b24f66abe88408f2a3dfef97f8,3337500,Business
596,0xb306e277763a83d5dc9da7b59dc4acfd3c09b459bf2816dc5ec4c296b30e7080,3337500,Business
597,0x1046b6b6571dbf425ebfeca37fbb29748d89a9756f584e0dd1b0aa3da72e3621,2565000,Business
598,0xd4f35b708baf9519893cecf0417ba2f11a6eddc570168a8be419b14aedce4d7d,3337500,Business
599,0x4c587c3a8a8cbc9fe367df6fe685834740c9142d2f17d9b44fbf336c2567083c,3337500,Business
600,0x6aad1906db7b6fa340ac64be771eeaeee0241b85cb35b8572bca3ce4e132e2ec,2235000,Premium
601,0x20c13c5e4d1177c448408c9c50c0af02bd07f51eb7d220de44d366e8c3bbcc69,2837500,Business
602,0x5fa02ca2c8657409c4c6b763f96d666a1360add36b36146cf297e66ed91eaf92,3332500,Business
603,0x3f2175879d3a0b103bf6ecad26a23ad1f6b1f05e3f16eae24d8594f45c28a376,3337500,Business
604,0x3e15589d928d0a6316bbf84044148694bf7f846e557d3826eaa9b5c61aaa6fa1,3337500,Business
605,0xa788911136fd8a9038e3f5540b087c0b3fd395a597d4a0e7c410d56eb419bc07,3337500,Business
606,0xa702135f54d4f613b70c7465f6ed3c9528d0950129c4ffb5efcbd54621fb558c,3337500,Business
607,0xc58600213a6665e1e41d741a859811b48c1548e85bd1ae5ed3dba4b61014f11e,3337500,Business
608,0x6ac7725f648cc8783b28eaf3260bbbbdc3568abb57bf77ce2f62719431e5dccf,3337500,Business
609,0x280760a09d4a81153fa0ac82166eecb8062af2448e39d670f72847afec328a67,3337500,Business
610,0x52fbd25ac897814a21814a0530c3936b0600418f1df6842eb853193031a67f5b,2235000,Premium
611,0x955288d1130ba5321130a78bd4bfd485874cf1cbfcc7cc8e7d27ba3bacea2b09,3337500,Business
612,0xc92b7cd23fa7466673fdb2f1dce958ff3655e165b71a44f3d1c1ea650b8d5460,3337500,Business
613,0x6f9992f7cd9f04d30b0ae5cbdde80de82fce3b55dad459c468b5780f9e23c110,3337500,Business
614,0xc7b9db159413c821105d10a86a3912a492c1cc9a9602c111a95951da99acc09c,3332500,Business
615,0xd9b3bd872c5b6852d3a8adf7e3ba523bcfcf282b19ad24ed5e1a405c8809ba94,3337500,Business
616,0x005f203eb4ea74e890b0e60730fdad079f4d49c23d31b22dd3ff69200ced776c,3337500,Business
617,0x035020663d2102daf238107ad7af0ecc5f542646c9e9eaf94b0f062eb3f1d804,3337500,Business
618,0xd1b895b9616a443f54f2c6b6279fd7c9d434dab3ecae3a9a12bd6ab6d1e742d3,3337500,Business
619,0x074b1ff7b759a533b74c679d343160130f1eab6f465944273fcb1bf117fbe856,3337500,Business
620,0x69ec64eebfb1e06c14ea8bebb3a11484ddf128dd2c22331b1448368e87fe76a2,3337500,Business
621,0x3432199c942d7ccf6b91c5125b8baf52aae9e4d9a2e30f572d2a659efe21c7cb,3337500,Business
622,0xfd963339dce9e5d0c5806ea2e3ab6f8457f99f5791db064fe86744e648c1cd77,3337500,Business
623,0xe4608ff88251a07aa148cf4bd77b25912a761bd1e941357e936c7820697d74af,3337500,Business
624,0x61dfc8b89afd5bb303a1c5b3cdcb10969b4ab700af786f6af4b4a762dadba252,3337500,Business
625,0x8ab6881f8d2a838b74e4d073c8ed59d41338f8ccdacb7035e42195d32b5a9ba4,3342500,Business
626,0x079680d693d456e3ae09ae0993b4622b3a483934f716ec7f184ebd15f34c187c,3337500,Business
627,0x93284b15d87937a0cdf098b6bc9f2e32b0160a6f41713924a35f6f392ab408d3,2760000,Business
628,0x0cd84cde7073c0a76386a72ffcc800d0a8dc365deb4ac8b41c2d715a7c86a3c7,3337500,Business
629,0x1af7b83db14d303ec721670416abec8dff6df35dea162720d8921c17198e07c5,3332500,Business
630,0x76a45b1793a717779eb3a559144c7486bcf9318f8f29689084619200264115ba,2207500,Premium
631,0x9b488db70140368b30c018fc3592f11ffe21f17d33cc8d7711425c7f1036545e,3332500,Business
632,0xff38eb7a8aca05c419a4d81f4c5cab7808b2ce838e43a8b123a10ddfd6433480,3337500,Business
633,0xeeb42fbaabf8597e373e482ea79ea6c9ed5e3ed61c2acc08aba84bbc3801f167,3337500,Business
634,0x350b126ba96a2ee713c9b0df3d3a4fbfabf5bfa84b399e41edd9e4a4e9fbf022,2760000,Business
635,0x8a05a801002daa1a0bd147ecd3dc28b95aa987b65c9d4e4a15f647dd30162860,3337500,Business
636,0x93c4b1a84cbc96849a3fbb983bd8065d129efc3e22ae03d4cd872d0eeb58c7df,3337500,Business
637,0x69523921e16ad75bb50324fee94ce3475b5bf64d108e62c44642eddd2075900d,3337500,Business
638,0x8031475ea9bcf0722be7506a0ce96884768d14bc3440e04a5c74fa24b87ebe8c,2235000,Premium
639,0x8abf9fa425a4319d2fcb0f282e63054e26b615a3898b9fd7bda8ed24f707a393,3337500,Business
640,0xf5a918cc39cea62976314bbc56a94975effeafad9b0bb06226d2c77862ed2749,3337500,Business
641,0xd7e30b1ca91ad9402d9fef91a51f5a7cf20d3fd698f93953369286808bdce008,3337500,Business
642,0xd36f81d9299e77d341d72fcc745fcdbd7bbd62e2371fb5eb5527171023849e99,3352500,Business
643,0xaf6a9a43be3a1bee84a7351b5d09e97eb9e1a4db335447365d1702d374106120,0,None
644,0xb6d2514a617d85c860b25396f9a31631e2e9c44f97d7d4acb6a3e878e7f51f96,3342500,Business
645,0x3e2b2545dd64e8f2839790da906ec0af18356a833cf87c153a58b37fd2ffa810,3332500,Business
646,0xd1875a4a3467bf30327e103d64965cb2a3270178f79558edb66e548ab17f2f74,2390000,Premium
647,0x42789c1fc0414e4f08787ff9fca5ef72cb47b523715f95cde5f93450e386ed1c,3447500,Business
648,0xed50cf464b47a6d3945e408170003d496f5376418a689f1f0f307478407f8e73,3447500,Business
649,0x09b7ad515208754d96c72d1053368f537ce3af2b7b8236b238092280781f4114,3317500,Business
650,0x6da216db92c7eef30aeb0fdb7e11f0365f4015058262283da53d63e9a261eff9,3317500,Business
651,0xe9d6118e0a2424fe11efed409aef7b9379f4ead137e38bae63937480d698172f,3447500,Business
652,0x4c7187b873e3049e53faf7592a2e40e2c8793421d30b8eb13de61ffda09cadf1,3317500,Business
653,0x5dfdcddab422968201d3d49143a8687a29815afc840b05bda1f57ae4983dbdb3,3447500,Business
654,0x574a6a48ede696eb8090bb9ef700130e336cf6755ff12ede0e21bde9bba7dedf,3447500,Business
655,0xbfed1dd2e3912acce11aa5ed7d1f6ceed060d794b327a6086da9f74f696901f7,3317500,Business
656,0x6260b033b6940c8b0119c2b785be0d28879988b551fad140d3404f7c44a77852,3317500,Business
657,0x6977766ba7974e8b27e02f075fb2610c4223a45b1556755242221bef7c7a3778,3317500,Business
658,0xe9fdc5713efd4cdbe6ad436bf92ce6c8a20acf41778870afaf34004d7abf528d,3317500,Business
659,0x7296ef81de62455bdba8c0a15a20bd90e3ad351a54207753f8c4fcdd3a005e8d,3447500,Business
660,0x9bb03a48d6d214bc23c612bfcf09604b43e23c3a293f8420f329d26b9def45fb,3447500,Business
661,0x8385a6c0e1827f78d6c1a385d45d2d4c98d1dc435066c4f2e4285aebeb28d433,3317500,Business
662,0xcd695d3af108b321d9c647c3e025d402fa97f451aceaa2a1e0cb3d2bcae9a71f,3317500,Business
663,0xd5be35516c6ac4d1ca25474784c716ee10b4f2b8a3b1e96bd9a36652cd94beaa,3447500,Business
664,0x8665bf35e46d7e2d623725254f6302d4b30795eee416d66d9a372d8f626cadf9,3447500,Business
665,0xd2afa5bf274e2e4bf61fd5686a41ea93c5d30b38580c254da7c4d747d098a745,3452500,Business
666,0x5bad3d2a140e59bb3fd3d6360c83da7da4359e76834895ff06421880f3e27568,3317500,Business
667,0x49cf58cfe600a79f1186baec39200a8f5fa5794abe769b50cc8c03103c0f713a,3447500,Business
668,0x7d2b4acef8980062d37e5d5c7c8b4af82343847e4ca5438c66c8b87f308b8474,3447500,Business
669,0x3055e957de2226ba52dc6a93648a4640b6a8de2374a6babc9c377c672b2a4465,2245000,Premium
670,0x94b7b74fbebccf5179688b27c961f09c25dd6931c3dd127e003387dada6e7c99,3447500,Business
671,0xa31a7446e9bc0c7f63166d73b9e1ea8ce984147dc5574676bc51aab50c124769,3317500,Business
672,0x61ad45624310b32415ebbcd0203ff34138b72747a19a9589427cace71d75e036,3317500,Business
673,0x997f9e03715d364f509b90299410f530d4313c2d7ce0c85f68c0fbe0b25fdc8b,3317500,Business
674,0x5013fca5e6de9598b9029321396ecc4d97ded535de02465f2123f0da8d7e0139,3317500,Business
675,0x158ef7af35a71b77997ec26cec00a92bae0c1c91c0d333cd34030cef51bb6750,3317500,Business
676,0x5b7481dccd0e5c19233d8dcb784036c805ae4b4ab1dc282a4a53dd5ebc5fc274,3447500,Business
677,0x172879cef5bf6ef537b782cb0444cbf0db960edcfdb9c3cb7ea38171ea8a0083,2370000,Premium
678,0xc49087f45bdad736fd6592604e6feb2e43e6059286bb30b8f15df3643b04d06d,3447500,Business
679,0xfb5c6486eb7904619f2e043b16264753cdc97854b48dfe8af06f1c369b57f35f,3447500,Business
680,0xed99887f14227a2ca6c6fae0e7405a93804d2c47e824118670aee03abc086c2a,3447500,Business
681,0xcc04fc9f46e4182fa2ebf5bbc11058edebfbf4bcdeada97e7e9315c343e07f62,3317500,Business
682,0x75eadf5f26d6c239c548e1531f6837b758684e2e77e4122c23c327fa900d82c3,3317500,Business
683,0x8c885104a76fa5fb9b8e30938c218896078c3f95f0f4a85d1968af7449322f55,3317500,Business
684,0xf3c47230fe1438c716cb4f35dc280509464bef71c1962fb16490565b06aafb29,3317500,Business
685,0x4f9a3a1ba00029ac1de704d774bb9ec7cc9525b328f27e222a13a52180e3c93d,3447500,Business
686,0xe9a4779d81dff238235943aa4ebaf4b395e06fdaccf09889c9cfc18909c6f1ad,2215000,Premium
687,0x030253aac0c129da9b20ff397b01d4cfd335aaaaa2bd9dd4a1f7d3a4b0ea395b,2290000,Premium
688,0x887c8087d3c63fa14b1185604da87cb3a29b9dbbd72fcefbaa7b6552159e362d,3447500,Business
689,0x4117d8ae25f8f061c7211cd5b25de47abf8045d62095cc4cc610fdb45f7ca10a,3317500,Business
690,0x737d4fa95a31cb43698ca765d60b0683b822d03d56f4420c18cfb680ece3bc01,2370000,Premium
691,0x4eb829712ab663e2b8953688f945e62a1bbe9bea20b253389be15c5dc3351d4c,3447500,Business
692,0x3811eecc7a27735546b87d079a5d1fcb88e39099a65616a016cc9e4c2c14b57e,3447500,Business
693,0x0fa814dac271ec39c68b6b4ff047796772916cced015dbb1742b0b76c486036b,3317500,Business
694,0x94a9a71b396cb66b5e133286c2bf2b427c96a507df16753eb3250da5dcce6936,3447500,Business
695,0x12fafd0d344cdd34c24f030d556cb2868b9727267ff4b2cd66492834b6236733,3447500,Business
696,0xd8e173c582f4ff963cd13da1774433006ed0bb8de5f2dee89c4d7531660b1fac,3317500,Business
697,0x342fe12e2cc2b0c737c8bd5bde8d037f388eec8a6015878677e982d258ba2642,3447500,Business
698,0xbe1037ba8eb7d5dce0c5992c44c9982d1afb5e67691d55cff1ea6131efd5dfbe,3447500,Business
699,0x0620ab859ef228e8a66e7c9053b9325948c809301e3e006fe06d385817a0b75a,3317500,Business
700,0x109a61c99ea5789a58101440e728cd24b21c279e6ac1f6129b7780c71619ffbf,2417500,Premium
701,0x395f55c129cc2ca84b92bf895682b30c22f1fa22d9bdf522d978e6afe08c7394,2247500,Premium
702,0x88d004ce55a5c6e2a842b8c5ceb836dc1048b021733af377274370bbca91b03a,3070000,Business
703,0xa74e9c0d2519f51ca31cbbedfa985c0a89ea08cd7504fb573eb4a3292db754dd,3065000,Business
704,0x94e2e052f84dc08705097cf47d5895be7520fa8ac7f7a47e0e2ed094f2e8469f,3070000,Business
705,0xe1358eabf14f7ee2efcfa253b3f6d06377e72e6826552b51a050941cf1cecafe,3070000,Business
706,0x74464aa7e90d26629acadbc659c75f3dad1fc7a779defd2fa861061cb34b7c76,3070000,Business
707,0xa55ba26795d55c1aca376b4aa51e2d0fa5843052264a4f6a12d0140d1e4d5c0a,3065000,Business
708,0xa6dc9129e13befb40cd9a47f193bc7c280aaba6b7a4496c6506eebc900375884,3070000,Business
709,0x2eeafaff39ed92c2b02fed4671914cfd47416b3bc44f57afff39f23889421e1c,3070000,Business
710,0x428725ae2a569e56a0bd047cfdbf8c570ceece6bcaaf169875650feec7cc0b85,3070000,Business
711,0x5a14c1f3895c6632fe6b1d90c949ecf733f28dbd3ffdad9a3fe788bc25f869f4,3070000,Business
712,0x5c703b6c186ab3f0f389229ddee58adddd3a435d22fe99b34f5244f9cf7bdc52,3070000,Business
713,0x4596639f971d8c2cea38e46d1395ebf3dc736a53e8981d79b4ed2bed64cc0440,3070000,Business
714,0x216caf7b7ba4dbee148fbb79ec444c4c47d5a53a28a54cc272498c366cdac11f,3070000,Business
715,0xdc9bea503895de9f09b0764c11f20e05a84dda01af49aa29ece030ce257b2a75,3070000,Business
716,0x8b73d5f1a6525e08973addf803ecf1b22b3722e54f58df3323de002cb0d986ee,3065000,Business
717,0x436449f544e1608bc761f33f8d559b073e034ffdb398cc9cd1ed1b8c28e3d454,3070000,Business
718,0xfa8a6554c44355f6090546b9f9f3f9133e9a6d00456f0ff8681fc7d0106dde73,3065000,Business
719,0x69320409a49d61333369da57c286ebd5746f93d9f0ea43f1e2f6378763c2dc1d,3065000,Business
720,0x42e1863452431a6c33fea030b630a241b81fb680183bafe0a55c3862765bacf6,2617500,Business
721,0xd8f28c66b2d6124e13ab70c0992698469244491d7ead9b17cabfa3ab3634d9f3,3065000,Business
722,0x924147f19d745aad628699ebd9ee24d689b97a756904e2424b21a8ea125201a8,3070000,Business
723,0x72ebdbc8b63daa96c418627db3e8d5f97c03ba47741c7c4797fcff59d0091c7f,3065000,Business
724,0x2335f2a4d9f70bf119c8a827878183d9d952c8c0b5605379845f1677cb4ebe7b,3070000,Business
725,0xa48363aad99f078aed1b774bf208f4eabffac6cf8e9459f97d392efef611508e,3065000,Business
726,0xe364c7542689fab4b1c85202942babb394fcfc50c367de520f09d964056a8b0e,3065000,Business
727,0x8c6656206f3286b9b38040a16a1f6d4220ff42ad0204a553c52f206a6f617512,3070000,Business
728,0x2ee2ebfbe6d129b926a4c0fc668b71b5d0006f31645a486fa9e596f781df586a,2247500,Premium
729,0x1bc04774a3e8a4f34f547a45de641d688e760bea4f9df4733ea75bbe71df8a38,3070000,Business
730,0x1a9bbb6c35b02a0d410c678064698b17ece84e6ad86fa4fcb8b4edd88b44d93e,3070000,Business
731,0xd596b0d73624da841c50a0184c449358e51b59c299bfe1767a859e47aa528711,3070000,Business
732,0xdc77b5a4d02ff9d76ab3f3e348a7b66549ea2b0c4dfa08b79a81c8c1fa57922d,3070000,Business
733,0xe21c2e92c24d94ccabd90c3c8602e28f7c8659dd78543b79c2533d11da42c36e,3065000,Business
734,0x6ec0ad2bf6f88bc7b656fe18ebb15931022a7aa177a59ad1f379094a7e6079bb,3065000,Business
735,0x80f2844b40d02bada6e902815143f752df69217109510ae78c35abc08e1aeb0b,3070000,Business
736,0x342cefae64b1a41aab962c4cb6f643060e9c136a3be526adf73afefdd684ae5f,3070000,Business
737,0xa2d7e3a3fbf39de6e977b1595afb8b63cf562a8cc63ea4af76ddea1d8902b356,3070000,Business
738,0xd92b8a8757a589127a11551fdd5fb682565c5fdc9f9415eebc1ba8987a257dec,2162500,Premium
739,0x0b7b4bd1d2db07bb4f1623807afbd910ef57c817512f3d751a457b9c1ca85b66,3070000,Business
740,0x6670984c792e7f2c3e74c1cfec26547c72dcf0f9cca17cb8b7a1a46bb1b656c8,3070000,Business
741,0x5c530e6a6ea9e84ad8e8433cf0a3dc818d536b6d22a298026faa61a15d372fb5,2505000,Business
742,0x94387baf6729abd5c2feeda4ac5736f5e86e89e7cba6516db7a9ca1aa91ac2c9,2947500,Business
743,0x042096eb7bb3da720e87d994b7803db91fb0bb3ac0d7850126bd311657f15efa,3070000,Business
744,0xfe1a49783b1e1129ef1443b3ea9e6231c17e9985ec76a6ea582b2df188118066,3065000,Business
745,0xd250ef8052538979cea2ce3326dd8392ec04f85849d7835889e2ef79659f9fb6,3070000,Business
746,0xc1b23b4396892f0a817d2f376e2c5fd9a4ad3be3c74549cb5f21a0f8169aa909,3070000,Business
747,0x54acab24f21d25c5340e9c18cb362da79c21fdf2f44e8e4ffb98b0d69bd921e1,3070000,Business
748,0x4ba1365415a70af8f31848f5009a88b9601d4485a910e90c71b5dd55e3f50530,3065000,Business
749,0x9ee7ec85ff8a8b07745eef1fc00d19a1ee098915aad1b53400a684affaea7850,3070000,Business
750,0x23943fb518aa461c4634d038d52ceabd7a3cf169ed10f505c47dd9fb4b8d9e61,3065000,Business
751,0x966748e0299c6deb5ed2bb1fa3ff9e05067c90e34d1a185b22a80a4c3f53922e,3070000,Business
752,0x63ce9e775cdd8fc3863f8f811e6ddfc2c2a3d42dada52e127d604d287f91cb7c,3070000,Business
753,0x1018f2809f0268d704bd81135136744021c0f47a2119a5de06ef2d9faebda2f7,2947500,Business
754,0xb46f239d86e0af415dfdc3e5abee0c87f77f0b5c4a73dec9a50a638270a4c0ed,2942500,Business
755,0xfcecd309394b6ece976f688405190396f68da565c3fc9057d1c6a8ecc75f3540,2947500,Business
756,0x7e71254c5e15f6d470e695626bd2ad07119d9ae9ea9ac9459a9fae1353417fa2,3070000,Business
757,0x6dee0a2d00b7506a1b1880088ac1664eac918b8feaef1db09d85a5303a4ec355,3070000,Business
758,0x0a0a9164770563645601241e52a8ad8318932b13f7208adb9ab3e5d7402f62bb,3070000,Business
759,0x485833ede778626e2dc37b6c79144e175cb3cd0a0824801a2d356f53203be0bc,3070000,Business
760,0x19b3950e86612bc532f3eed92ff91bf0cbf5d55efbd43ef6ee418a8798ee806f,2305000,Premium
761,0xcd897156b0bc51dbf98658e49f9199866b85db654d3abe7005c234d5298ea196,1790000,Plus
762,0xeee015ffc2bee7baa69b6cd7643fbb0b049630f653e0045537c43e6277d7ec8d,3070000,Business
763,0x64175cf9cdbca8fd940af2fd4cad970be68a09d78a5dd4da4984bc72b5d73f74,3070000,Business
764,0xd76500ba842e448ac110e7ec04bdc54b372a49fc3ff018c84cf4b04b27d98438,3070000,Business
765,0x02cad39180e2b7b60de4d9a276543a1f320794799f5fe39d3537cc84066cb7dc,2517500,Business
766,0xa6dc9f61ef21f5f9ad8866c70c070b44668750ecc834ed4e18dec4be528fa4ac,3070000,Business
767,0x3a438e4c7986c54a35195806641137fee4974267522329dc6da50e229a66162d,3070000,Business
768,0xf1abf0b872248befb443ab6085ad93d5d63ed1e8db66058c723c0ed57dc1b7e5,3070000,Business
769,0xdc7c3fd392a10f14421ae77220560e27b815902b0b243a1415554ebe9cdc9666,3070000,Business
770,0xcbe5faa4822086986d85aaf34e9dff4577868e44beeec74ac2f248955c8f2018,2332500,Premium
771,0x8a0b7019b803bfa1836b02df3f1716a761ee7c16bc81fb16c5209e9053d07ac2,3070000,Business
772,0x5c9026cc151586874cb9d411cfa650b5a66c9d37208b1bda2efd8ad30a953fa4,2332500,Premium
773,0x424652be8cbf47c8ee916a5dfc33df504ff17d9cf5391eb37ffeddb60d431203,2167500,Premium
774,0x031ec54454fef1c3ddfc8cc4721d78a53c4460ba4f3bb2cbb29d16722e2c733d,2167500,Premium
775,0xd8127e1ef8e6c18ee806f33043e9e1dc3480d40341344e8892b103ed9c8a68bc,3070000,Business
776,0xe3a22e9a8eef2c8b9efb80d7b74677336063b5fd86939fb5e0488f49a9c0d800,3070000,Business
777,0x693b216a1f3bbb07c3444eac73d153828c483b3b1a4670a75c60c017172baf63,3070000,Business
778,0x8c68814b5f8be56a09a0e22cd4fb9a459882cccf05f64800e1660a0bfbbf9ae7,3070000,Business
779,0x2dd327f12ee144996a21ab60cd015692f5a5e179e1d216382d741a8db09a5ca3,3070000,Business
780,0x7bd6e0ab174a91ce85d42d30464b073e01021cb11b12ce06cc21e4f171d48f4c,3070000,Business
781,0x3829fb7a077131ec643e348abf53a12c1910b597e894afa02827507580a3c970,2332500,Premium
782,0xa66fc020d5a62fe7a01a254c9620ef22a1bca7f7cb0c4dcc755bd0631d3cf33e,3070000,Business
783,0x4cc7891d4cf9c6f07f5c5ea838d2054f8d82124f67fe464a62c56d558fd11d0c,3070000,Business
784,0xd557e9cefc5955f9c357ffd60cacb2a42dc7f0084908d567baffd05a1ee0a802,3070000,Business
785,0x802be362c4e45b58e107c06f2eadb9f35cd278392ffaa68ee7eea85c726d2e47,3070000,Business
786,0x800858ab5bfb7491ab212968a7987f0a8d0ca2f83c02b98f1250d5ca7fadd9f0,3070000,Business
787,0x47a3a999b8be5cbb4606d3ed31158269b0715b8b453ac5d34878ebf9b3fbe807,3070000,Business
788,0x72b86e6d2cb7694e59465ff419e505fa7530eab2e1e08469f2ded02039c36def,3070000,Business
789,0x4cbdef74279e9a22b83be8b085905afa810aacb198b4eaf756e80ece9e2ecc3e,2247500,Premium
790,0x262b98fc3ed6e4c9658d1d57e30e336c6bacc590697c1037ec30617b0ee5d13f,3070000,Business
791,0xa17bc2afd3dde64f4089faf5f13d5f466eb5870ce6635b0e2eff59fcd7673355,3070000,Business
792,0x10adf364b894640caaeed7f281e6c2246b8ba67718b46dfc2587b762d6100ddd,2227500,Premium
793,0x7911bb1ea9d60ee4996f3610cdbd408975b2cdb1a0757999d9067665ec9ffd25,2822500,Business
794,0x2ba6aa7993205ff274e58109c9874ce73a9affbb6d1c6f052266589e25ffb453,3070000,Business
795,0x131aa2233f4bfaa422690750d55a880c9ab273e99cea1c305ccc9b3b1661ebbc,3070000,Business
796,0x9c0a20d7651f3fc9042026b04b00565417c28fc323ab25ddaac0a631e80fdf7c,3070000,Business
797,0x93d396d14627944cb20c1f0c1f05bc8dd82ffb6e798b5e85a48ba57fa5775634,3070000,Business
798,0x97a6515771ef3dfc117dc6ad6c82e2a54a9bb012cd9e52a232b3d5e597c4272f,3070000,Business
799,0x2b9f6aee7ecf1ee0584c569828395a5070484ad007ed4978efe06cf4a995affa,3070000,Business
800,0xcb62189a44c0e995ea37b3a3248557c3e61d526f5d39aeb40aff7b2848449eee,3070000,Business
801,0x3f845a5a66aa68a178d6c010bd3e1f3f772896fc8ac0f39d7ab78429a907ee2c,3070000,Business
802,0x90fa62f6ba1884aa64f84ececfaf9cde1be091d9e6fee5bf69849e430d2a4383,3070000,Business
803,0x9f88aac16ff255fdf76136f8306b6a7b7ea871e068c99c297b138162279cf22f,3070000,Business
804,0xd2d8a2d98146c36cfc54ef4aadb2b7140b1543369b11e1903d92167f418ac541,2422500,Premium
805,0x9fc0bbb1f6b6a67db7f7b2ba4c6d0c3e0a775c089f2ee48ad98b0586193996c9,3065000,Business
806,0xd9acf92d5d94eb91aa7dbea7927621b2a6d8fab2bf977fe3974c19c19b6b3918,2167500,Premium
807,0xd2dee060e1ed8a2f81944e1c3947ae4aed42195f82d7adc8ad1ccff06c0dfb3b,2167500,Premium
808,0x761a88608d83240d8815d2e028afb351b229865ede20dbf1968406f1018e46e7,2167500,Premium
809,0x89b5afe55cb6918092b370c7ef7bd104a34460bb8f24ba4384df1cd21f943470,3065000,Business
810,0x7ab395b240baa7b986e363fda620b25c56dc48e66e4383cf958e2b80c8db626d,3065000,Business
811,0x10af412e9b510ef93b0e762db12330de213ea29f0d713dc07e5b8e3ca30f3fb6,3065000,Business
812,0x969407d88218d91e417d798af20107e07085544f4aade1c9cebe34e36960fa15,3065000,Business
813,0x5a053d51348c4a3b56494afc3e6cf6d8e08fa6316fca3ebc28cedd334b26384a,3065000,Business
814,0xd20ce4d03d7faf1df54909036576918e7fb12869626c5992b29e017ebb1724b1,3065000,Business
815,0x6890241b68d877f5867a0cc6061968a0e62c9524f407580c0b32a3d5e8829084,3065000,Business
816,0x9a47cc45317977c154de458cee0c79a06c87900cce89e9bf0bcf764b4276c88f,3065000,Business
817,0xb66b730d3e00780b5963eb6040e799a32f645bb331aef38692fa9eb6f3d27a04,2327500,Premium
818,0xec7a801f33ab4d4009d64e612537fb0f3800e50600f7193dc018d0fd4be46c3c,3065000,Business
819,0x3cc01977a3b30654e7a5d259ac0961fec69c15d23a270476e2a9c2bfdceecd7f,3065000,Business
820,0x69e8304162483d7271ec9b36dab955c7cde7cb21c5330ff926e5cb36dcf7d508,3065000,Business
821,0x14650115990996c7e87ac52c548583722565ba0d8feb576b202f6d0fbf9431e1,3065000,Business
822,0x78373ac345fa6baf77ad001a5d13627fc7499f26008184ca0ae095b55f5dac59,3065000,Business
823,0xe499cda5b4050f0bb6e26a5b7355ed092eb0a49b2ae168910710cd62f5586341,3065000,Business
824,0xcc6c8c3e45a206e38c8d671502c0915c57356c1a7bf55bc15c3e3ab10f8e1979,3065000,Business
825,0x1384e3d90e5afb49ca5376c334b503c38f386dbda3025755ebc61d67fc5e7ba8,3065000,Business
826,0x43ffd6f72094b0c09fe3a85a87f33e0ebaf63b6fb539e71a5e0200aa395bda75,2110000,Premium
827,0xd14cc435a7187303b9a7a1e3267375c521b18c2d37d989c70f1771c84a2b9b87,3065000,Business
828,0x764f5aaf5e45bfcf0638b8ef711b554af6015a87ed4140bd289574f1959dd488,3065000,Business
829,0x7505b3793d6959e7f41bcb62ac899c7d857cf00181dcb9175ebbed77465e4175,3065000,Business
830,0xa428a87ff510f811b16ff1b9069632eddb739c9178397c0761af60382db57801,3065000,Business
831,0xf4e3e8d9a5665e98043f2d72435398be253be5da3600cd38a7d8376876576b47,3065000,Business
832,0xfbc27dadf17d1d6203c6e664d61467e5e326f703e9266341dd80c485938385e3,3065000,Business
833,0x54cd4138aebc48a7e1a56f315795dd40448356479d9f0542d4a1e85dc0741b33,3065000,Business
834,0x06cbaa844c2cbdf1e16ade8fec83651dcc909357de3e856707aaea458b42ff62,3065000,Business
835,0x0bf06fa98f7d8ca1b7edec894b28589128e6375139b20903dd35178f792daa47,2512500,Business
836,0xdd2ba5c04888b25df3bd13ca21bc9970acda842d53a120b187bbda36f7b006ca,2822500,Business
837,0xd19245c7966fe6150e90844d1735fe555d2d6c6f228bd81a1ab303cb9701d3ab,3065000,Business
838,0xea8616152df697da9fc859f7d0ab6829a0a0d85f9a950bd922fe0fc2328465b8,3065000,Business
839,0xef65b2f0a3d2373809cd9918e6c8c08cc61636d9eb7c5b69e58775180a55fee7,2327500,Premium
840,0x9273394ac9b8f5bbb473b9f1b0b4ad774112de1808fb7bc04178307dbc792028,3065000,Business
841,0x4dbca02805c44bd535da960cfc5671dbc586ab753124c2b3ad2e493a92261b44,3065000,Business
842,0x8ddd189a725e420dabd908b4a1e45b3f9828c846d700a32b89f7914ed1793f40,3065000,Business
843,0x6a7fdead3254b9fd93fb37d592bd7b6e7b98a8275ba4f97ea17f82a79154f60f,3065000,Business
844,0x0f285b730d9e3fc72e02d1e33100fb1f9eb68bb928c28946767872b09f0f22b5,2417500,Premium
845,0x156cfe9626830a8fc26dea336b95c42b5b87eb7eaeeec2e78c0808f902632ebb,3065000,Business
846,0x575abb29f6989140e0827931f01e960f7c721e8d5735932eb8f30336282447c1,2512500,Business
847,0xd81812485e72e26e4227b75a5b0e28550ce7cc438710744b3c98c0d2a001f32e,3065000,Business
848,0x3fa05d1ba334fc811a4ab3539e1bdf5434d976caa55900ac954418b1c8504311,3065000,Business
849,0x24ce7fb050b3942a8aadb3f7a2bce4aa2bcb7d3b3701f44e68508c81cadcdf00,2822500,Business
850,0x3123b9eede0e052835ead142b02f7e7c48be18acb0f90b5acaf525e2e16ca1cc,2827500,Business
851,0x52c9379049ceab1a69b7d2134d3219a0960ea33f2ca07b7cc5a3fb8e9a266717,3065000,Business
852,0x3d4d9f9a5d357e718b0115f2ec5ad2e6497f5016e9e3d4c34c57952660d53da4,2120000,Premium
853,0xa7d484ff9de77ee13fb9db3ff66f4eca1bcbdb0a6a8f50403317108344364bab,3065000,Business
854,0xe979d5d60934eb1bb3d2ac21cf10b0db88a16bc7f7824628e3fc940e4ddb13bd,3065000,Business
855,0x97d7afa8a78b008e0343f21b9e6ca7d7bed71ec79e0b0baa51cefc00acd18fd1,3065000,Business
856,0x0e44519a1e965c68c4ce55f4fe5f86120ed990fc544d42cdbde27820eb98ed97,3065000,Business
857,0x949585d713c29691010f1af1c6810943ae0061505500de6f1c70ee18048b97b5,3065000,Business
858,0x29c1c6d0a52ca1e7fcc9346c1cd6fe2a3e764217d77516ca481e842371c099ba,3065000,Business
859,0x845e17f747c4d5129e520e87e9e3b9024ce54849bbc74b802e5922149fb84d91,3065000,Business
860,0x62072fcae9b199349e90a229532cfd276542fcd13cb7ff591489c42959aa05af,3065000,Business
861,0xd353c3aa24505c03f8656df5ce634d4510a22ac5a6a6118bdb010bdd0c208253,2395000,Premium
862,0xba15b055cb19fb8397535205495f19aee2631c4dd736b420cc0f5946d9c62243,2242500,Premium
863,0x7c2ec7bc6219c6c534c4d05e6d559ef9d7a45ab88cc3edf189d183353edd1c8c,3065000,Business
864,0xdc991f8695b602ec680bb07178812f6bff848dfa77bf01aef1e5c1b118be6b19,3065000,Business
865,0xef267e01114197c51a3afd4cd72cbce3207376f27eb74de495f295532eb00e53,2110000,Premium
866,0x4892c4cc9e4408588d098a10d0a084503a5768abb8f8b7d8db61fe76a9a8ffcd,2115000,Premium
867,0xfaee1df5bbf4b559357c9979308f2213a480f27a978e0700a1ea4901c03f4bb6,3065000,Business
868,0xe7095885653ad134e74e6364bec488a20debeec06313b665dfd4d4151193282a,3065000,Business
869,0xd960d9c49d39a949f4a24aae9cc73ba6e1ab5d3e0a0ce20c9309f3d00e40b6b7,3065000,Business
870,0x02adcdccca21fd47d7ab3f90690ff200af9ef49bdc86e4157e2e3c496c8fc165,3065000,Business
871,0xeb577674ef69874f701771c397569211635e832ef01fc1d528bd4af7fb693c85,3065000,Business
872,0x752b5eb5136ba12276f026cb0751072d86af4eca584ba36e0f58e549cc8cc3be,3065000,Business
873,0x5fe7a7e8ea58934aceb36cbd67dcc141b67ed5e039ccaf25e3c647923d1b5e73,3065000,Business
874,0xa3315fe4c128ef9121820eea23de5cb5f62061ff9f4d1b958f9b633ea0a11a04,3065000,Business
875,0x980f13ee47430b5be8750f46476ca2787c5673a31e9ab00b93f5545f251a62eb,3065000,Business
876,0x076a5eb060e6f1fd65fc249901a12c82d49275b2feea68ae23670b3a18af5f57,2822500,Business
877,0x181220acc0fadeecb635f636d0a04ba2d477a52e2034abd149a7d48f276a7e95,2512500,Business
878,0x4aa7116901e6b2df164488253b00f4c8444358e6d1a181293ecdd5dfca23e772,3065000,Business
879,0x82a3bfd9b88ffdd11302e4003c852c95a05f82837034703b00a2b8b83a52fa12,3065000,Business
880,0xbfc898bb6d42102a2111ab21b601e15103fa2304f465863c5288b1047240000d,3065000,Business
881,0x3c91ed8100195aa79ee4ea7df9cedb7f2c3498d1030e02bd100566ea1b9a2a74,3065000,Business
882,0xf059b59f3b9537ea95ee481189b0adb5a4e3009f8fd56d20dbc5dae5627a165f,3065000,Business
883,0xb55757e57d7917e2fbe1b1f37a715892a65e6ed03e518292e509b5b84debc581,3065000,Business
884,0xa3f1df8abddaa13185e646a67c1d9edb40dfb5863a97cc696f18057ac55c0a2f,2162500,Premium
885,0x45bed22e1d193c45db95e7102188f2c2c0798456be34703cdc878b5d7266cab9,3065000,Business
886,0x52b250be0e92b560d546d138848d180ec81483246f9c3cb4be26c7716b0e37e1,3065000,Business
887,0xa433f1cd3f301b596c2ea55a39c4fc41f9bba62fb9b5608cf4f2e045c97de1e2,3065000,Business
888,0x7014f8013fdd8d431b8162c28261a0c5d8727c2bb0123c9cdab6b459cb99ad6e,3065000,Business
889,0xb9837e44e480730cef6a60ef014f38cfabd54f6942846dd397ae4ed9bc1a8937,2512500,Business
890,0x780258911036f22f138a9a3f5d3e756204f36dab355e08079815fb55c269b9a5,3065000,Business
891,0xc81cdbf245ae4d08a9cdfe6cb322d65408fe3819d98d7e58cf0039b6b4ebb29d,3065000,Business
892,0xc2eb4ba144b5826bc56694238afeb0875bffc11d00b4177a64d6a87498b53518,3065000,Business
893,0xa33801c048b38a46918f42b64253417dc1d74110a4ea78ba790ae602b2c6673a,3065000,Business
894,0xc3a73145d973403393e8ecdeb534493102546125dc11ed4ffb3459e03ae81587,3065000,Business
895,0xcfba583e9dbd4ee628ee818d89be48b86be5ec7fa93c38c78f7ef2f14351c820,3065000,Business
896,0x4082663cb036ec27ceeb84bd515208c9ab6c15241770665ea19ad88ea2f094ed,3065000,Business
897,0x7f22460e8423ceab560eafc2edc2daf6d8abc44de7b67ec97ceed37ba44839fc,3065000,Business
898,0x9caa09836b0a04557cd48283219d614cb54bfb72806a648e98937adf8e1fbfb7,3065000,Business
899,0xc03ea08a5afb3574d4b2494d0e55909486dbcd5c3b4dc6175125aa63f8402db8,3070000,Business
900,0x05938f9e2eb1559387d2e43a94778cfb4d831d675ac2c62d9ca24588f163e07d,3070000,Business
901,0x0a0efc37cee9b87cf986272529648faf98fc0d46706acb08f2ab9a69f3238888,3070000,Business
902,0x637b9053a3553dac140fca35f6895633931b8d8d262ec3aee9715f13278b86d5,3070000,Business
903,0xde0140d6522821174a579085f11777a637f0aacfd0b7fb5eece54ade4a05049c,3070000,Business
904,0x223c83973f928ff62218c4d84ad5e009cfc76be119f9b1dafc547c65451d9b94,2832500,Business
905,0x8c5acfdb6ad7588fbe9c908ceb51192fa05b83e9b320e81567d5c448fa12eb99,3070000,Business
906,0x241f2b9944e6db7718313d2deeeda68191047f7292bb3c0c609258ded76d8f8a,3070000,Business
907,0x108f2ea19acf086199fbe79ffcfd03dc10ee1ff8183a11918ea80a62a1671374,3070000,Business
908,0x412101317df36bb0c5b4934b8bb8bce05872741c37fc93648c8422dedcb2f7b4,3070000,Business
909,0x46d8ee84751effaeb0f5e0e4b3097edf33d2ae742f44e7aa5f86e6eb2fa0f775,3070000,Business
910,0x9c0b243f59bb97a99587ff77d14f092a57b5cf0be10679a9dd72deaceee67a36,2517500,Business
911,0x22bf0f284cbf55834228259f9ea37574f1bbb35ecc819c9dfa3a2bde37926326,3070000,Business
912,0x3773ffc729a433248b6984dd1bb38eecca41dd8dbf5add70e1ef46cb2abe4e31,3070000,Business
913,0xe6fdabdeca4d3e3eeaa6a9ccc739266d8936cc53fe03ada0c75dcc5b8a1e17dd,3070000,Business
914,0xb620ef84146d6a0815d7711dc72121482b64b88a171965f2b80e5371656bf26e,3070000,Business
915,0xbe62bb5680c39f2bd40145c40f8590903608b3eb05211ac8cce08e7492e3bad2,3070000,Business
916,0x0b15bf793fb535982327ef3aa8400b184ab3361089c65c331d06e40eeb4a9159,3070000,Business
917,0x2a433c52e0ef7c77183854bc05d13cef187e84f6723c70df4b5a7cf894d44e4b,3070000,Business
918,0xa8c7d690baebb7f764174e6d57645a79531bc6f9a8cb9e252212e2d52362e39b,3070000,Business
919,0x6cfe72d9db784efb4ca1bae60a8e329ef9a2bc09d0019c17e00642f0f1f32d19,3070000,Business
920,0x7098b0bba87e5f8252dbeaeadd3c44715121d8e09a6019d244a17d3c4801e034,2722500,Business
921,0x98f7d144c9cc6b68fe28cd3e9cd98b3b2492682c3c9e86d15effee48137e772a,3070000,Business
922,0xd24b0690edb327816dabfd3eb32b4f70275a846c6f1be12379430155ede2b64b,3070000,Business
923,0x3a5d67d8d13d45f59f56e87b65cd6900058e8e5f52f080a783176b049c5ec793,3070000,Business
924,0x3b1cbc780d9c5e6111870c828a93543ccdc1154f5f0810dcb7827318042d10f9,3065000,Business
925,0x87820258ec8c9d60f195bc9abb29643734a05e0f7a1ab7ccf1fa72a551385eaf,2822500,Business
926,0xbedb88ad3d012a0c895b3ba350e625fdc6458faefec7bfc4ec682cd6da28bec7,3065000,Business
927,0x7bb7e36a01a605d56cc5fa6c5a2aac610a8c7fe6677c21b853ceb87e42023734,3065000,Business
928,0x08a6ccc1f61383cbeaf1971ece68496dfe1200b9f2f8bab03f496d59abdc95c0,3065000,Business
929,0x49149c8722871c5cbc164ea92a995c19e9b9a9f8a32b03c955976ee054c02522,3065000,Business
930,0xb962ad9b413b13c44aa26bd02c4426e95bd8cca7b3594ae2a3c0ef36ecc6e1f8,3065000,Business
931,0x86db4524578399b8018cd2d751cda43fba869255de3c2f7457fb136349a58e15,3065000,Business
932,0x9b46aef7af668446cd36168a93e5edb6a458ef7a1deb4a1e66cfaec954857291,3065000,Business
933,0x94beffd5f23c7d6b353d3ec80f120369086c1fd267a871d9b464306a4852f57e,3065000,Business
934,0x3d3720402fb38380477592f730de55873b3a5079ed1b2f54b38f4090dde36683,2612500,Business
935,0xbba3727306c1bb61b650406062d52bf82116d2c4f7588fc636dbc53ddfeabd8d,3065000,Business
936,0x814438713e3a45ad1895eef6ff37c9ca6d4b067144ef072f646625107bfa0e42,3065000,Business
937,0x53cce8b3d8ef54d690f1d5c6207f0c08f9b61c1a0d0823825848f1594531a1c1,3065000,Business
938,0x78c9c3a04c5fac69586800a522e9958370139bc1279a7206dc756fe90be88e4b,3065000,Business
939,0x6de4c984a3e64d9c3dc06a19c1473960f665b5ef5e88394424519b2e4028fe01,3065000,Business
940,0x81799a2d7d9d84fc9265e7f767a5f00bdfb5b00ec9d7163aabff5ce2700ebbe3,3065000,Business
941,0x2e9663dcfd9626170f42020703d2cf95e88dd20a82fe50446ac9f58c91ae66bd,3065000,Business
942,0x222331aafea71d84da6401ee9d3da114816d017baf91009afdd9de32a035a281,3065000,Business
943,0xa9b8cc83513c4924e5b884d0d206af1b3033e1fb070b6b846d161347b50d3a50,2327500,Premium
944,0xf72d90bcc2c24464ca8c896bc63f9eae947538f47aad88a67fdff6c270e7ac57,3065000,Business
945,0x63f2635deea244044ee3c8e87ddc383bc153530c4b28995232737a96aa6823f3,2827500,Business
946,0xcb892f67263419e510a85edf367d1db3e9b731e9e6d7c6423309f4f8aa387708,2417500,Premium
947,0x531853b9b8c1654dfec9fd837977bf3a71b5cafc39073d6986282ca8a81fad85,3065000,Business
948,0xceb1864d6cdbfcf6b6b90274b2393d2e13965a881dd0fbe296e836993cd8759c,3065000,Business
949,0x069dab6cb35465b8105d244bab5ea7c2c3e5b57363a29e42ac93293e5695b5cf,3065000,Business
950,0x24bdfaa3133888052cf931a2e49c110c39a6c2c34c96994dec94af737315b95e,3065000,Business
951,0x93ef797dc4c4b3fb983b4cfaca853f93cb0b8053de2b8fc0ddccb1eb5f5c687e,3065000,Business
952,0x2d5ee4cfeb0ee4287275c482d274b74adb746483b70e51f2b6fe2cc8d15cf0ee,3065000,Business
953,0x442c1fd594f0c91fb3f71f00cae387330d0e14d2ec3fbf8435569973f521c470,3065000,Business
954,0x80ca92199a14af7c58fab61973366067755338466c6b0e97dcd5fea3cc8472a6,3065000,Business
955,0xf58cb1f253d0db8b5f9abe1c6323f450cd4ae33461bd77212736508355c35768,3065000,Business
956,0xcf6081a02c9de5d6c78f9040642352a86b671fa0f97344967aa449622fef249b,3065000,Business
957,0x6b8ba96f16b1acf8ae5e092a2041a2b07f9bce5911a22e8666f54843a0146f27,3065000,Business
958,0x7cb8bb57827b922b4c09e94d570fc2788156ab50064ae79ba48d60c9f5310fb5,3065000,Business
959,0x56dd33182d2fec40641627727c339fd80eb15e9648dff337cf012583e3cfebeb,2822500,Business
960,0x0f7dfed0efd2546eb7e09e6a083f5e5fd4647698b2746e07a6e0188e161c300e,3065000,Business
961,0x7a746ac6de633bfcc0963b5a66cebc18bfadfd75e2af9694c9183b09b3bd373b,3065000,Business
962,0x0b39e2f886b819ac819e230c88ed28b3f94032be336dba36f299745b88cd8ace,3065000,Business
963,0x5562cb13dbbe7525a85a871dd7f230a53b7f04e2a9ea9f1be343e81c4c215314,2327500,Premium
964,0xa8e512d5d926361cd7d94b039db7b88eccc7dfafdc690821152dcdaa40783096,3065000,Business
965,0x7be0f45252b9c40e4022b9a41a0e735e37daa40822f5a072d7376105cd84373e,2395000,Premium
966,0x0620f0d78979428e4e1b5d3182fcc48394e2006a3d49900a01bffde8f647fc14,3065000,Business
967,0x8fc8481de653aab945e520c40d3b29c9c9462644a2dba682bce8bf1491f71231,3065000,Business
968,0xe348ac1c26d2b37fa4e2eac7e5d9f7c7c1926ee3670be2c16ed33e7bbc70bd5d,3065000,Business
969,0x64ffe828adf3765a8550f9e80aebf6836fbda1e80cd1afa6d0184bfe96df21dd,2210000,Premium
970,0x2c83da48b3029e40481eaed703557d7809b295b6e4809aaf7e6d5db930e51aea,3065000,Business
971,0x40724c0395e459f0ff1efdb60beb7f09b3a87c1a89aa7356b5adc385745b8f39,3065000,Business
972,0x902811652feb098018d24eddba103c2db11e52eb0460d931da36a9af7279bc31,3065000,Business
973,0x452881a7cc16867eb691e145cabc7dd900dfd0051793cd8f769f79d4a97554f2,3065000,Business
974,0x5eab2493e77690fd34ecbdd27144b4d7aa5ab8eb2c2b8b1350d62ebb144c0cf1,3065000,Business
975,0xc27e3577cc6e12fe1ef1a7441d22077348eae572ac8f216925e2791bc386a951,3065000,Business
976,0x8da7690b7246b35582ddd348bd4cc5377c18fb9cad9c8ebd3954c334ace608fa,3065000,Business
977,0xcc48950b383a645491d4ea9c30f5f21fa7fe86ef43601726f20aece387c37c95,0,None
978,0x8f7d4a37c5ba654f11f73693d915c3244075378b4bdf5f56d51f86364adcd525,3065000,Business
979,0x4013993b8c09322dd4657a600cddea2b2a9f7a687379580bd90a9b072b973a77,3065000,Business
980,0x51fd7dbeea776defc7b283220472b1df59e74bbd88767e77083695f34b241da0,3065000,Business
981,0xf73686080bef04174b4df38fb55752fba297210cf9da598c70f1d9f353865f97,3065000,Business
982,0xbca527d27db8370f5d33c9e241889961635b347e49ab145b2e5c0d6e51121a09,3065000,Business
983,0x263a5e62e81d8407790bf5883d6bffd72cb0c9432e55bfb5e400895e28f0e73a,3065000,Business
984,0x3ec2a70775ed72d85eca7318ca9741ea02834fe5ba437e17bee871ad1cd342b5,3065000,Business
985,0xe3101289d43bdd497f27e3147ccb9318db69b9e1dafaadc13f6c142ca57043a4,3065000,Business
986,0x42cce46e4b3e6f7ca30b4e2cc8f3f39682647b6cad8d76bdd4560d6f390dfe45,2115000,Premium
987,0x2bd9ba40d49b28e02fb3db8937ed33f5a7c31a9403e6cfc3e84a3946269bcb03,3065000,Business
988,0x5d7e76d93d09bdf48c5e3c39513ae38ee7eb4d1570d52d64c1b1f7b9fe78499a,3065000,Business
989,0xd7738dd9a24493bbbec6ef5ed536233ac7700544995e2cc0c36ff64b4a4aa901,3065000,Business
990,0x36980480be639f2d94101704a095631447dc43d14bc572d78723826188c0b229,3065000,Business
991,0x97eda7bb0d0e048637629204b46f135938c00b44015b745d599b4916c765b70c,2512500,Business
992,0x3e43416d822b5e4d301a10f1bd013e19545ff08b4d458f2ced6aaebcf37b8aa5,3065000,Business
993,0x9e355355c700d6c1edb6b9e48c2fdee7feff22cadc2624506e2d90f22ba65c2b,1525000,Plus
994,0x3221efe1422977578e66a1bb83a799c9b5a1a8a4283c29d1f216ddae66ef6f18,3065000,Business
995,0x6bf4b074eecc6edc88058ee1c5fdd0f5e89c16739ed4ce0b9120ea6109e51d35,3065000,Business
996,0x7be1c034d917e71941285901dac3791d8dfec6b10f36f509619517bf87bd1b78,3065000,Business
997,0xd7ff251d08f424043a412776e388315cdd7f5a100a3f145c5937d505794c885d,3065000,Business
998,0x3e3966c4f499423fc7adcae4672094d64a9c97d2e4b87b0839cd75e0d8c988ac,3065000,Business
999,0xc8485c7756b6b0ea185ed76fd39d2947e886ae9c31463afdab881bcd066ab1f7,3065000,Business
